Name,avgGPA,rating,n_ratings,take_again,difficulty,rating_group,difficulty_group,totalA,totalB,totalC,totalD,totalF,dep_group
AP Pierce,3.44,4.6,10,80%,2.5,4-5,2-3,369,75,22,6,25,HSSA
Aaron Blackwell,3.44,3,8,0%,3,3-4,3-4,281,259,84,16,12,HSSA
Aaron Ettenberg,2.81,4.6,36,94%,3.6,4-5,3-4,544,828,996,257,131,HSSA
Aaron Sokoll,3.01,4.6,9,100%,2,4-5,2-3,54,89,22,0,5,HSSA
Aaron Ullrey,2.98,3.1,18,75%,3.9,3-4,3-4,57,111,24,4,9,HSSA
Aaron Zimmerman,3.14,4,113,55%,2.8,4-5,2-3,1329,2444,741,60,195,HSSA
Aashish Mehta,3.28,4.1,34,72%,3.9,4-5,3-4,1169,940,571,166,74,HSSA
Abdullah Salehuddin,3.27,4.7,14,93%,2.6,4-5,2-3,86,25,20,2,8,HSSA
Adam Sabra,3.27,3.4,8,50%,3.6,3-4,3-4,455,386,73,17,61,HSSA
Adam Tashman,3.5,2.5,7,50%,2.7,2-3,2-3,205,73,34,8,9,Math/Stats
Adebisi Agboola,3.3,2.1,80,22%,3.6,2-3,3-4,1048,608,459,121,106,Math/Stats
Adil Yaqub,3.12,3,52,100%,2.3,3-4,2-3,544,567,315,49,37,Math/Stats
Adriane Friedl,3.47,3.7,11,N/A,3.1,3-4,3-4,9,10,0,0,0,HSSA
Adrienne Edgar,3.5,3.3,26,70%,2.9,3-4,2-3,954,991,235,18,65,HSSA
Adrienne Tsikewa,2.67,1.9,7,15%,3.1,1-2,3-4,86,87,30,14,14,HSSA
Ahmad Ahmad,3.18,2.9,26,63%,3,2-3,3-4,478,489,102,22,44,HSSA
Aida Hurtado,3.75,3.1,9,45%,1.7,3-4,1-2,741,343,45,5,12,HSSA
Akiyo Cantrell,3.42,3.9,12,80%,2.8,3-4,2-3,783,368,104,18,10,HSSA
Akos Nagy,3.31,3.2,11,55%,3.2,3-4,3-4,635,236,94,31,38,Math/Stats
Alan Fridlund,2.53,4.1,494,72%,3.1,4-5,3-4,4026,9360,6158,2424,1495,HSSA
Alan Liu,3.54,2.6,32,22%,4.1,2-3,4-5,577,468,135,20,81,HSSA
Albert Lindemann,3.16,3.1,42,0%,4.2,3-4,4-5,83,79,37,4,9,HSSA
Albert Shin,3.07,4.2,8,0%,2.4,4-5,2-3,106,179,43,8,4,HSSA
Aldo Cimino,2.83,4.8,25,100%,2.3,4-5,2-3,400,580,268,108,60,HSSA
Alenda Chang,3.25,2.5,10,40%,4,2-3,4-5,432,487,143,24,16,HSSA
Alex George,3.25,3.1,18,N/A,3.4,3-4,3-4,99,102,14,2,3,HSSA
Alex LeBrun,3.33,4.4,18,78%,3.5,4-5,3-4,432,344,45,4,27,HSSA
Alex Simms,3.49,4.3,63,79%,2.4,4-5,2-3,1028,1035,348,72,77,Science
Alex Wrobel,2.99,5,43,100%,2.4,4-5,2-3,1101,1039,516,154,109,Science
Alexander Cho,3.7,4.8,12,92%,1.6,4-5,1-2,968,196,33,8,23,HSSA
Alexander Petersen,3.3,3.7,14,72%,3.4,3-4,3-4,245,279,113,24,17,Math/Stats
Alexander Shkolnik,3.74,3.7,14,72%,4.1,3-4,4-5,298,86,30,7,6,Math/Stats
Alexander Swan,2.65,2.5,17,N/A,3.5,2-3,3-4,146,375,253,46,24,HSSA
Alice Nguyen,3.04,1.1,71,2%,4,1-2,4-5,17357,15177,9891,2163,1266,Science
Alice O'Connor,3.41,3.9,52,50%,3.4,3-4,3-4,1034,922,200,17,74,HSSA
Alicia Boswell,3.53,2.9,12,42%,3.4,2-3,3-4,444,145,42,6,15,HSSA
Alicia Cast,3.23,4.7,33,92%,2.6,4-5,2-3,1803,1169,379,106,115,HSSA
Alison Brysk,3.58,3.8,17,67%,2.5,3-4,2-3,1451,797,170,20,32,HSSA
Alison Butler,3.74,3.1,9,N/A,4.1,3-4,4-5,387,106,25,6,0,Science
Alison Williams,3.66,3.5,13,70%,3,3-4,3-4,678,133,39,4,17,HSSA
Alli Johnson,3.53,4.7,14,93%,2.2,4-5,2-3,304,126,13,1,7,HSSA
Allison Anders,3.91,4.5,12,50%,1.5,4-5,1-2,788,51,7,1,9,HSSA
Allison Slade,3.32,3,30,34%,3.4,3-4,3-4,2304,1521,403,75,136,HSSA
Amanda Stansell,3.46,4.4,56,67%,2.4,4-5,2-3,1280,988,52,1,30,HSSA
Ambi Harsha,3.7,4.5,19,N/A,1.6,4-5,1-2,292,47,6,7,6,HSSA
Ambuj Singh,3.68,2.5,26,36%,3.7,2-3,3-4,788,343,166,21,32,Engineering
Amedee Martella,3.74,5,8,100%,1.5,4-5,1-2,180,28,10,2,0,HSSA
Ami Cohen,2.53,2.8,11,N/A,3.9,2-3,3-4,17,25,20,14,18,HSSA
Amit Ahuja,3.34,4.2,12,86%,3.8,4-5,3-4,458,774,148,17,24,HSSA
Amit Shilo,3.27,3.1,41,58%,2.6,3-4,2-3,2285,1420,374,77,187,HSSA
Amy Boddy,3.61,4.9,8,100%,2.1,4-5,2-3,781,268,82,22,29,HSSA
Amy Gonzales,3.26,2.6,32,32%,3.4,2-3,3-4,749,1104,275,44,52,HSSA
Amy Jamieson,3.62,3.3,83,63%,2.2,3-4,2-3,7091,3503,1126,288,364,HSSA
Amy Kyratzis,3.91,3.1,8,67%,1.9,3-4,1-2,617,66,15,3,4,HSSA
Amy Lashmet,3.55,3.5,36,62%,3.1,3-4,3-4,535,209,25,6,16,HSSA
Amy Martinez,3.59,3.2,6,50%,2.5,3-4,2-3,280,53,8,6,11,HSSA
Amy Propen,3.74,4.8,9,100%,1.7,4-5,1-2,949,171,18,1,9,HSSA
Amy Small,3.65,3.5,21,58%,3.5,3-4,3-4,379,124,5,4,0,HSSA
Ana Requena,2.76,4.4,7,100%,1.8,4-5,1-2,107,190,109,27,16,HSSA
Andre Wyss,2.67,3.5,33,25%,3.2,3-4,3-4,346,764,665,110,73,Science
Andrea Fishman,3.72,2.6,40,45%,3.1,2-3,3-4,325,122,30,1,19,HSSA
Andrea Nicolaescu,3.46,3.4,13,54%,3.8,3-4,3-4,565,193,31,9,22,HSSA
Andrea Young,3.14,2.6,37,49%,4.5,2-3,4-5,374,430,178,26,49,Science
Andreas Ludwig,3.77,4.3,9,100%,3.9,4-5,3-4,415,174,71,22,9,Science
Andreas Malmendier,2.55,4.5,43,N/A,3.4,4-5,3-4,73,77,76,18,13,Math/Stats
Andrew Baker,3.52,4.2,19,79%,2.7,4-5,2-3,547,182,37,7,15,HSSA
Andrew Carter,3.28,3.1,68,53%,3,3-4,3-4,1141,1140,555,55,109,Math/Stats
Andrew Cleland,3.01,4.4,26,N/A,3.3,4-5,3-4,181,250,130,25,10,Science
Andrew Cotton-Clay,3.07,4.3,8,N/A,2,4-5,2-3,172,147,75,10,12,Math/Stats
Andrew Flanagin,2.83,3.6,134,52%,4,3-4,4-5,663,1201,943,187,110,HSSA
Andrew Griffin,3.57,4,52,49%,2.6,4-5,2-3,2035,1088,190,24,66,HSSA
Andrew Jayich,3.52,1.5,6,34%,3.3,1-2,3-4,549,416,147,37,17,Science
Andrew Norris,2.81,3.2,66,55%,4.3,3-4,4-5,392,1034,647,156,145,HSSA
Andrew Teel,3.55,4.3,6,100%,3.8,4-5,3-4,296,123,39,6,5,Engineering
Andrey Sarantsev,2.96,4,7,100%,3.6,4-5,3-4,252,256,129,130,0,Math/Stats
Andy Merolla,3.38,4.9,53,97%,2.7,4-5,2-3,1623,1302,406,94,110,HSSA
Andy Wyss,2.67,3.1,9,34%,4,3-4,4-5,346,764,665,110,73,Science
Angela Ellis,3.46,4.6,10,N/A,2.4,4-5,2-3,128,57,15,1,4,HSSA
Angela Karmis,3.06,4,13,N/A,2.9,4-5,2-3,1404,1039,406,127,70,Science
Ania Jayich,3.52,2.1,36,11%,4.1,2-3,4-5,549,416,147,37,17,Science
Anita Stahl,3.63,4.8,9,100%,2.8,4-5,2-3,541,111,30,7,29,HSSA
Ann Adams,3.48,3.8,38,72%,3.2,3-4,3-4,554,360,113,19,21,HSSA
Ann Bermingham,2.92,4.2,12,100%,2.8,4-5,2-3,63,82,31,4,11,HSSA
Ann Holms,3.88,4,38,100%,1.6,4-5,1-2,780,44,9,0,2,Engineering
Ann Plane,3.26,3.3,39,100%,3.1,3-4,3-4,400,749,283,18,46,HSSA
Ann-Elise Lewallen,3.39,3.8,10,75%,2.7,3-4,2-3,1193,670,214,35,70,HSSA
Anna Brusutti,3.17,3.1,165,40%,3,3-4,3-4,2512,3948,1153,136,342,HSSA
Anna Everett,3.45,3.4,12,67%,2.8,3-4,2-3,348,300,53,3,19,HSSA
Anna James,3.7,5,21,100%,2.6,4-5,2-3,1315,365,75,6,20,HSSA
Anna Pajak,3.87,4.8,12,100%,1.5,4-5,1-2,595,33,6,0,7,HSSA
Anna Trugman,3.5,3.9,14,65%,2.7,3-4,2-3,330,225,93,36,37,Science
Anna Wald,3.48,4.3,6,100%,2,4-5,2-3,388,139,43,6,34,HSSA
Anne Marcoline,3.1,3.1,10,N/A,3.4,3-4,3-4,14,20,9,0,0,HSSA
Anne Taves,3.38,2.6,8,0%,3,2-3,3-4,406,255,66,15,33,HSSA
Annie Yih,3.18,3.2,10,N/A,2.7,3-4,2-3,516,451,211,18,18,HSSA
Anthony Anderson,3.26,2.6,28,100%,3,2-3,3-4,94,61,38,4,4,HSSA
Anthony Zee,3.45,2.5,19,58%,3.1,2-3,3-4,449,207,60,19,11,Science
Antonio Cortijo,3.68,3.6,19,100%,2.7,3-4,2-3,877,556,11,0,11,HSSA
Antony Millner,3,2.7,16,44%,4.3,2-3,4-5,279,541,472,72,103,Economics/Business
Armand Kuris,3.54,4.3,34,69%,3.7,4-5,3-4,1389,936,913,37,16,Science
Armen Zakarian,3.77,4.3,16,92%,2.8,4-5,2-3,714,417,328,57,26,Science
Arpit Gupta,3.85,2.5,10,40%,2.8,2-3,2-3,261,35,4,0,2,Engineering
Art Gilbert,2.84,3.9,97,100%,3.2,3-4,3-4,1096,1580,3279,178,193,HSSA
Arthur Schwartz,2.45,2.3,32,100%,3.6,2-3,3-4,30,31,24,21,5,HSSA
Audrey Lopez,3.58,4.7,6,84%,1.8,4-5,1-2,635,72,19,6,23,HSSA
Auli Ek,3.48,3.3,44,43%,2.5,3-4,2-3,1999,1370,97,8,30,HSSA
Aurelie Chevant,3.38,5,6,N/A,1.2,4-5,1-2,15,8,1,0,1,HSSA
Austin Somers,3.29,4.4,9,N/A,2.3,4-5,2-3,56,76,13,0,1,HSSA
Avery Gordon,3.61,3.3,111,77%,2,3-4,2-3,3600,1827,499,103,114,HSSA
Baldvin Einarsson,2.8,3.7,6,N/A,2,3-4,2-3,149,229,126,35,32,Math/Stats
Barbara Holdrege,3.15,3.4,46,47%,3.4,3-4,3-4,823,782,251,40,179,HSSA
Barbara Thayer,2.62,3.3,24,63%,4,3-4,4-5,146,327,185,53,42,HSSA
Barbara Tomlinson,3.51,4.5,13,100%,4,4-5,4-5,239,171,23,3,12,HSSA
Barbara Vilander,3.22,4.3,31,0%,2.3,4-5,2-3,46,55,12,0,2,HSSA
Baron Haber,3.4,4.9,12,100%,2.3,4-5,2-3,315,200,37,2,17,HSSA
Baron Peters,3.11,2.8,18,42%,4.4,2-3,4-5,359,394,218,53,39,HSSA
Barry Giesbrecht,3.46,4.5,20,100%,3,4-5,3-4,942,595,508,83,89,HSSA
Bassam Bamieh,3.72,3.3,8,60%,3.1,3-4,3-4,691,350,98,13,11,Engineering
Behrooz Parhami,3.48,2.4,9,0%,2.6,2-3,2-3,213,199,46,0,4,Engineering
Ben Hardekopf,3.67,4.7,12,78%,3.6,4-5,3-4,1330,326,105,41,63,Engineering
Ben Olguin,3.59,2.4,19,43%,2.9,2-3,2-3,467,83,29,12,29,HSSA
Ben Reese,2.54,2.9,33,9%,4.7,2-3,4-5,261,355,274,138,69,HSSA
Ben Zhao,3.61,3.8,18,100%,3.7,3-4,3-4,449,282,110,56,10,Engineering
Benjamin Cohen,3.28,4.4,42,100%,3.4,4-5,3-4,731,1202,250,14,30,HSSA
Benjamin Monreal,3.24,3.1,17,0%,3.2,3-4,3-4,359,288,128,18,21,Science
Benjamin Sung,3.12,1.6,22,5%,4,1-2,4-5,244,185,59,10,27,Math/Stats
Benjamin Zulueta,3.13,3.1,34,45%,3.2,3-4,3-4,1653,1525,486,35,97,HSSA
Bernadette Andrea,3.56,4.1,14,72%,3.4,4-5,3-4,424,154,64,9,22,HSSA
Bernard Comrie,3.52,4.7,7,100%,1.9,4-5,1-2,321,197,55,9,20,HSSA
Bernie Kirtman,3.41,2.6,15,43%,4.1,2-3,4-5,136,194,38,3,6,Science
Bhaskar Sarkar,3.2,3.3,52,30%,3.5,3-4,3-4,614,773,204,30,69,HSSA
Bianca Acevedo,3.31,1.6,26,0%,3.3,1-2,3-4,225,201,88,12,6,HSSA
Billy Collins,3.19,4.8,8,100%,2.5,4-5,2-3,43,14,8,3,3,HSSA
Binh Pham,2.89,3.3,8,N/A,3,3-4,3-4,193,191,174,39,9,Math/Stats
Bishnupriya Ghosh,3.55,3.9,41,67%,2.1,3-4,2-3,1480,995,131,14,56,HSSA
Bjorn Birnir,3.67,2.3,62,59%,3,2-3,3-4,1553,593,262,83,70,Math/Stats
Blair Paul,2.86,3.7,6,67%,3.3,3-4,3-4,107,200,105,18,6,Science
Bohan Zhou,3.95,3.1,8,50%,3.5,3-4,3-4,23,1,0,0,0,HSSA
Brad Bouley,3.45,4.7,42,93%,2.6,4-5,2-3,1413,552,134,29,76,HSSA
Brad Paden,3.48,3.2,12,0%,3,3-4,3-4,388,365,218,2,3,Engineering
Bradley Chmelka,3.29,3.3,11,75%,3.3,3-4,3-4,577,664,229,16,25,HSSA
Bradley Hacker,3.52,4.1,7,N/A,2.6,4-5,2-3,251,178,36,4,3,Science
Brain Wainwright,3.1,3.2,6,67%,3,3-4,3-4,2398,1935,1014,134,207,Math/Stats
Branden Adams,3.84,3.7,13,62%,2.5,3-4,2-3,923,129,9,0,6,HSSA
Brandon Fastman,3.23,4.8,6,N/A,2,4-5,2-3,20,7,4,3,0,HSSA
Brandon Greene,2.96,2.2,13,24%,4.7,2-3,4-5,115,126,105,48,32,Science
Brandon Seto,2.81,4.1,16,100%,3.3,4-5,3-4,23,34,16,2,5,HSSA
Brenda Major,3.55,3,49,30%,3.3,3-4,3-4,946,1169,610,200,100,HSSA
Brent Strathman,3.04,3.3,91,46%,4.3,3-4,4-5,1569,2448,993,180,208,HSSA
Brett Collins,3.19,4.4,7,100%,1.6,4-5,1-2,43,14,8,3,3,HSSA
Brett Hartman,2.76,2.7,14,0%,2.7,2-3,2-3,151,457,276,57,18,Science
Brett Land,3.53,4.7,17,N/A,2.1,4-5,2-3,88,51,3,0,0,HSSA
Bretton Fletcher,2.82,1.4,10,10%,4.4,1-2,4-5,62,124,57,20,5,Science
Brian Donnelly,3.36,4.6,40,95%,2.6,4-5,2-3,3155,1924,413,47,149,HSSA
Brian Ernst,3.68,4.8,25,100%,2,4-5,2-3,970,240,22,0,18,HSSA
Brian Lopez,2.43,4.8,7,100%,2.7,4-5,2-3,103,196,252,64,26,HSSA
Brian Wainwright,3.1,3,106,55%,3.4,3-4,3-4,2398,1935,1014,134,207,Math/Stats
Briana Westmacott,3.7,3.8,28,68%,3,3-4,3-4,990,247,29,6,8,HSSA
Brice Erickson,3.39,4.4,176,88%,2.7,4-5,2-3,3609,3222,1343,310,318,HSSA
Bridget Coggins,3.14,2.7,50,37%,3.6,2-3,3-4,641,943,290,49,95,HSSA
Bridget Lewin,3.83,3.9,6,100%,1.3,3-4,1-2,749,90,9,4,6,Science
Bridget O'Connell,3.54,4,6,50%,2,4-5,2-3,905,302,59,9,26,HSSA
Britt Andreatta,3.67,3.3,57,N/A,2.6,3-4,2-3,74,37,5,2,3,HSSA
Brooke Gardner,3.67,3.2,9,56%,3.9,3-4,3-4,540,220,89,13,6,Science
Bruce Bimber,3.5,4,74,73%,3.7,4-5,3-4,550,834,298,55,29,HSSA
Bruce Lipshutz,3.83,4,39,93%,4,4-5,4-5,1165,313,177,43,28,Science
Bruce Mahall,3.52,2.4,6,N/A,4.3,2-3,4-5,134,49,72,5,11,Science
Bruce Tiffney,3.1,4.6,35,60%,3.1,4-5,3-4,443,445,271,80,52,Science
Bryanna Sylvester,2.51,3.6,336,59%,3.4,3-4,3-4,1768,2411,2293,801,681,Science
Bryce Boe,3.55,4.3,6,N/A,3,4-5,3-4,235,48,14,4,16,Engineering
Burleigh Wilkins,3.12,2.9,32,N/A,2.7,2-3,2-3,90,175,22,0,9,HSSA
C McKoy,3.26,3.6,7,N/A,2.3,3-4,2-3,97,108,39,2,3,HSSA
Caitlin Taylor,3.45,3.7,15,74%,2.9,3-4,2-3,1305,703,180,38,56,HSSA
Caleb Miller,2.94,4.9,12,100%,3.3,4-5,3-4,187,397,145,16,27,HSSA
Camilla Fiorina,3.4,4.9,29,100%,2,4-5,2-3,1028,455,99,35,46,HSSA
Candace Waid,3.66,3.1,74,32%,3,3-4,3-4,1836,920,212,34,100,HSSA
Caragh Barry,2.45,2.4,8,25%,4.1,2-3,4-5,39,114,80,23,19,HSSA
Caren Converse,3.62,4.8,36,100%,1.9,4-5,1-2,1380,722,29,2,8,HSSA
Carl Gwinn,3.35,3,20,N/A,3.1,3-4,3-4,474,476,148,17,21,Science
Carl Harris,3.18,4.3,20,N/A,2.2,4-5,2-3,71,94,57,0,3,HSSA
Carl Meinhart,3.53,4.6,21,100%,3.5,4-5,3-4,902,548,306,51,19,Engineering
Carla Borromeo,3.32,4.5,37,58%,2,4-5,2-3,978,688,173,38,27,HSSA
Carla D'Antonio,3.73,4.6,8,100%,2.4,4-5,2-3,938,370,85,15,13,Science
Carlos Morton,3.73,2.3,7,0%,2,2-3,2-3,661,98,25,2,13,HSSA
Carlos Nash,3.51,5,8,100%,1.4,4-5,1-2,316,156,25,4,6,HSSA
Carol Genetti,3.7,3.5,7,N/A,3.3,3-4,3-4,28,8,3,1,0,HSSA
Carol Lansing,3.44,3.6,71,71%,3.1,3-4,3-4,1148,1413,316,28,86,HSSA
Carol Press,3.38,3.6,185,80%,1.9,3-4,1-2,9839,5677,2514,682,353,HSSA
Carole Paul,3.21,2.9,66,27%,3.4,2-3,3-4,1395,1742,521,71,180,HSSA
Caroline Allen,2.98,4,26,100%,2.8,4-5,2-3,77,114,69,11,24,HSSA
Casey Mongoven,3.79,5,7,N/A,1.1,4-5,1-2,293,31,11,1,0,HSSA
Casey Walsh,3.37,3.3,168,62%,2.3,3-4,2-3,3741,4295,1039,159,165,HSSA
Catherine Albanese,3,3.2,45,N/A,2.7,3-4,2-3,144,242,97,24,15,HSSA
Catherine Gautier,3.06,2.8,23,0%,3.3,2-3,3-4,230,186,65,8,59,Science
Catherine Nesci,3.52,4.2,27,78%,2.7,4-5,2-3,871,257,56,12,40,HSSA
Catherine Pfaff,2.77,3.8,39,85%,3.9,3-4,3-4,358,318,207,97,47,Math/Stats
Catherine Taylor,3.45,3.4,18,56%,3.3,3-4,3-4,1305,703,180,38,56,HSSA
Cathy Busby,3.33,3.6,30,N/A,2.4,3-4,2-3,491,369,246,32,42,Science
Cedric Robinson,3.42,3.5,28,100%,3.5,3-4,3-4,256,434,72,0,20,HSSA
Celia Alario,3.61,4.5,9,100%,2.6,4-5,2-3,333,149,8,0,8,Science
Celine Shimizu,3.42,3.1,47,100%,3.8,3-4,3-4,195,236,22,1,8,HSSA
Cenke XU,3.6,3.4,14,60%,4.1,3-4,4-5,374,159,97,21,20,Science
Cetin Kaya Koc,3.49,4.3,26,89%,2.2,4-5,2-3,1893,1103,364,49,68,Engineering
Chandra Krintz,3.84,4,18,80%,3.2,4-5,3-4,1107,107,36,1,10,Engineering
Charlene Garfinkle,3.53,4.1,25,70%,2.2,4-5,2-3,1156,511,119,7,24,HSSA
Charles Akemann,3.05,2.2,221,21%,3.8,2-3,3-4,2222,1550,1448,342,794,Math/Stats
Charles Asche,3.87,4.7,11,100%,4.6,4-5,4-5,420,34,1,0,4,HSSA
Charles Jones,3.75,3.3,8,43%,2.8,3-4,2-3,1095,200,45,16,28,HSSA
Charles Mullin,2.88,2.5,106,24%,3.8,2-3,3-4,1502,1660,1053,324,136,HSSA
Charles Samuel,3.4,4.1,8,100%,3,4-5,3-4,503,500,263,10,6,Science
Charles Stuart,2.83,2.6,32,50%,3.8,2-3,3-4,584,1070,414,121,14,Economics/Business
Charles Wolfe,3.33,4.4,17,80%,3.6,4-5,3-4,615,898,314,71,66,HSSA
Charlotte Bremser,3.6,4.3,6,84%,1.8,4-5,1-2,139,20,8,4,5,HSSA
Charmaine Chua,3.55,4.2,20,80%,3.2,4-5,3-4,467,289,40,9,19,HSSA
Chela Sandoval,3.72,2.7,14,20%,3.2,2-3,3-4,929,237,22,7,14,HSSA
Cheng-Zhong Qin,3.23,2.5,47,34%,3.9,2-3,3-4,1312,1467,846,106,33,Economics/Business
Chenhao Jin,3.04,2,8,25%,4.9,2-3,4-5,176,263,83,8,12,Science
Chet Stussy,3.74,5,8,100%,1.3,4-5,1-2,923,67,9,4,22,HSSA
Chetan Pahlajani,2.83,3.8,21,N/A,1.9,3-4,1-2,92,123,42,14,20,Math/Stats
Chikako Shinagawa,3.56,5,37,100%,2,4-5,2-3,1098,350,81,11,7,HSSA
Chris Hayes,3.58,3.1,22,36%,3.6,3-4,3-4,1578,1310,577,183,52,Science
Chris Kruegel,3.75,4.7,7,100%,3.4,4-5,3-4,534,218,66,19,18,Engineering
Chris McMahon,3.31,3.9,22,67%,2.7,3-4,2-3,1405,1167,399,38,42,HSSA
Chris Newfield,3.69,3.8,40,19%,2.4,3-4,2-3,1291,984,135,19,48,HSSA
Chris Nowlin,3.06,3.4,12,N/A,3.6,3-4,3-4,50,48,28,10,11,Math/Stats
Chris Richardson,3.66,4.7,18,95%,3.3,4-5,3-4,719,347,178,38,24,Science
Chris Still,2.59,3.6,16,N/A,2.8,3-4,2-3,144,375,165,25,22,HSSA
Christene D'Anca,3.64,4.8,17,95%,2.8,4-5,2-3,393,46,12,1,14,HSSA
Christian Thomas,3.59,4.9,27,100%,3,4-5,3-4,3536,1372,279,58,131,HSSA
Christina McCarthy,3.71,3.7,7,100%,3,3-4,3-4,1694,485,34,9,19,HSSA
Christina McMahon,3.31,4.2,18,100%,2,4-5,2-3,1405,1167,399,38,42,HSSA
Christina Venegas,3.44,2.4,23,10%,3.4,2-3,3-4,583,640,149,23,49,HSSA
Christine Thomas,3.59,4.2,51,78%,2.7,4-5,2-3,3536,1372,279,58,131,HSSA
Christophe Corbin,3.4,3.8,8,50%,3,3-4,3-4,126,99,21,1,3,HSSA
Christopher Bernt,2.86,2.9,68,53%,3.7,2-3,3-4,5680,5292,2589,741,739,Science
Christopher Cloos,3.01,3.8,12,67%,3.3,3-4,3-4,335,375,136,37,30,HSSA
Christopher Cody Stephens,3.28,2.8,34,45%,3.6,2-3,3-4,520,571,106,14,31,HSSA
Christopher Dean,3.64,4.9,37,100%,1.7,4-5,1-2,3007,1366,128,8,52,HSSA
Christopher Evelyn,3.27,3,13,54%,3,3-4,3-4,530,241,109,12,16,Science
Christopher Kegerreis,2.93,3.7,20,78%,3,3-4,3-4,334,447,187,24,42,HSSA
Christopher Lopez,3.11,2.5,24,38%,3.7,2-3,3-4,323,275,73,31,40,Math/Stats
Christopher McAuley,3.29,4.1,7,84%,2.3,4-5,2-3,1892,1954,305,29,112,HSSA
Christopher Ograin,3.16,4.3,54,82%,2.7,4-5,2-3,1234,1240,749,152,145,Math/Stats
Christopher Parker,3.26,1.3,12,0%,4.4,1-2,4-5,43,83,41,4,1,HSSA
Christopher Sprecher,3.38,1.8,19,50%,2.2,1-2,2-3,555,577,55,7,15,HSSA
Cindy Benelli,3.11,2.8,178,41%,2.9,2-3,2-3,4752,3500,2272,329,244,Economics/Business
Cissy Ross,3.67,4.4,10,100%,1.9,4-5,1-2,439,117,19,3,2,HSSA
Claire Levaillant,3.88,2.7,27,N/A,2.3,2-3,2-3,779,72,0,0,3,Math/Stats
Claudia Moser,3.38,3.8,56,86%,2.9,3-4,2-3,2096,1653,527,83,133,HSSA
Claudia Tyler,3.68,4.8,27,100%,1.9,4-5,1-2,3633,930,198,44,19,Economics/Business
Claudio Campagnari,3.3,3.3,38,100%,3,3-4,3-4,1350,1035,343,51,65,Science
Claudio Fogu,3.41,3.5,54,52%,3.3,3-4,3-4,1560,1288,416,36,106,HSSA
Clayton Nall,3.28,3.1,34,62%,3.8,3-4,3-4,415,523,100,32,35,HSSA
Clint Schow,3.35,2.9,14,50%,4.5,2-3,4-5,1230,610,260,75,56,Engineering
Clyde Woods,3.65,3.1,6,N/A,1.5,3-4,1-2,140,46,3,0,7,HSSA
Coby Harmon,2.84,3.6,165,71%,3.1,3-4,3-4,2307,3220,2878,206,347,Economics/Business
Colin Gardner,3.74,4,15,100%,2.9,4-5,2-3,440,43,18,6,19,HSSA
Constance Penley,3.78,3.6,20,56%,2.1,3-4,2-3,1020,151,28,4,41,HSSA
Corinna Reyes,3.21,3.8,41,N/A,2.5,3-4,2-3,406,564,153,18,13,HSSA
Craig Carlson,3.11,4.1,21,77%,2.9,4-5,2-3,2560,4257,2675,622,193,Science
Craig Cotich,3.02,4.3,44,70%,2.9,4-5,2-3,697,1115,308,43,59,HSSA
Craig Rawlings,3.27,4.8,33,100%,2.2,4-5,2-3,1124,1140,452,91,68,HSSA
Crisjoe Joseph,2.49,4.1,326,81%,3.7,4-5,3-4,3858,6918,5857,2571,1002,Science
Crystal Martin,3.19,2.8,24,40%,4.3,2-3,4-5,515,536,256,77,71,Math/Stats
Cynthia Brown,3.24,3,27,50%,3,3-4,3-4,457,499,117,20,17,HSSA
Cynthia Davis,2.98,4.1,21,N/A,2.1,4-5,2-3,167,437,134,13,20,HSSA
Cynthia Felando,2.57,3,89,28%,3.7,3-4,3-4,559,1902,1314,177,175,HSSA
Cynthia Kaplan,3.22,2.6,25,20%,4,2-3,4-5,275,808,228,9,24,HSSA
Cynthia Stohl,3.46,3.9,31,77%,3.3,3-4,3-4,980,1126,229,2,20,HSSA
Daigengna Duoer,3.53,5,6,100%,2.2,4-5,2-3,144,43,6,1,11,HSSA
Dale Kretz,3.71,4.7,14,93%,2.6,4-5,2-3,238,50,4,1,6,HSSA
Dan Lane,3.54,4.9,38,100%,2.7,4-5,2-3,1258,623,131,32,36,HSSA
Dan Luna,3.09,4.5,145,87%,3.1,4-5,3-4,2022,2883,1608,362,217,Science
Dan Montello,2.59,3,155,25%,3.3,3-4,3-4,646,1557,1550,524,346,Science
Dan Pecchenino,3.05,4.8,9,N/A,2.9,4-5,2-3,80,248,25,1,10,HSSA
Dana Driskel,3.09,4.1,18,25%,3.6,4-5,3-4,313,550,196,12,10,HSSA
Dana Mastro,3.64,4.8,12,100%,2.1,4-5,2-3,1088,687,109,10,2,HSSA
Dani Cox,3.38,3.6,11,73%,1.9,3-4,1-2,365,86,25,7,21,Science
Daniel Conroy-Beam,3.59,4.3,22,78%,3,4-5,3-4,889,646,221,41,23,HSSA
Daniel Ervin,2.84,3.6,6,100%,2.5,3-4,2-3,67,162,103,17,9,Science
Daniel Frank,3.72,4.9,20,95%,2.4,4-5,2-3,1001,175,22,5,31,HSSA
Daniel Korman,3.21,4.3,38,87%,3,4-5,3-4,974,1650,363,27,104,HSSA
Daniel Lawver,3.03,1.8,12,N/A,2.8,1-2,2-3,248,378,236,51,63,Economics/Business
Daniel Lokshtanov,3.36,3.7,17,59%,4.1,3-4,4-5,531,264,87,14,30,Engineering
Daniel Masterson,3.62,2.9,8,38%,2.8,2-3,2-3,244,172,20,10,11,HSSA
Daniel Reeve,3.64,3.1,10,20%,3.5,3-4,3-4,481,292,43,2,39,HSSA
Daniel Story,2.87,3.6,17,63%,2.9,3-4,2-3,357,475,207,63,44,HSSA
Daniel Wuebben,3.7,4.9,17,100%,1.9,4-5,1-2,734,169,30,1,7,HSSA
Daniel Zanger,3.2,1.6,11,19%,3.1,1-2,3-4,227,206,60,18,5,Math/Stats
Danielle Hidalgo,2.94,3,13,50%,4.1,3-4,4-5,126,215,60,6,21,HSSA
Danielle Kurin,3.68,4.7,32,100%,3.2,4-5,3-4,678,177,57,11,12,HSSA
Danny Tsai,3.45,3,6,50%,2.5,3-4,2-3,285,113,34,8,6,HSSA
Daoxiong Guan,3.59,4.6,28,100%,1.8,4-5,1-2,1633,547,85,16,48,HSSA
Dar Roberts,3.27,4.5,25,73%,3.6,4-5,3-4,457,479,320,103,94,Science
Darby Feldwinn,2.7,3.1,211,32%,4.2,3-4,4-5,1560,2524,2308,813,1094,Science
Darren Long,2.98,3.5,85,37%,3.4,3-4,3-4,455,523,394,248,117,Math/Stats
Daryl Cooper,3.51,4,985,94%,2.6,4-5,2-3,6035,6091,1151,1137,229,Math/Stats
Dasa Francikova,3.4,2.8,8,100%,2.8,2-3,2-3,511,349,80,18,33,HSSA
Dave Morrison,3.65,2.1,14,100%,3.6,2-3,3-4,923,799,284,39,37,Math/Stats
Dave Valentine,3.8,3.1,48,50%,3.2,3-4,3-4,844,667,469,37,64,Science
David Cannell,3,4.2,19,N/A,3.6,4-5,3-4,946,637,277,35,44,Science
David Caratelli,3.24,4.8,11,91%,3.4,4-5,3-4,254,173,50,7,19,Science
David Cleveland,3.18,3.4,22,N/A,3.8,3-4,3-4,574,448,150,39,30,Science
David Fowler,3.44,4.5,11,78%,3,4-5,3-4,242,132,40,8,10,HSSA
David Hamilton,3.28,3.6,8,N/A,4.3,3-4,4-5,134,131,134,24,28,HSSA
David Harris,3.66,2.5,51,N/A,2.9,2-3,2-3,289,74,5,0,6,HSSA
David King,2.95,2.7,6,34%,3,2-3,3-4,163,245,72,11,13,HSSA
David Kohl,2.83,4.6,59,N/A,2.7,4-5,2-3,213,250,205,17,33,Science
David Lawson,3.47,4.1,9,78%,3,4-5,3-4,464,324,119,23,24,HSSA
David Lea,3.31,4.3,45,80%,2.1,4-5,2-3,1099,1061,387,96,107,Science
David Lopez-Carr,3.55,2.6,11,28%,2.5,2-3,2-3,1101,554,179,40,58,Science
David Low,3.59,4,35,93%,2.9,4-5,2-3,1093,894,582,148,63,Science
David Malvinni,3.65,4,7,58%,1.7,4-5,1-2,1470,281,58,18,26,HSSA
David Moak,3.39,4,87,82%,2.6,4-5,2-3,2402,1244,178,24,81,HSSA
David Mokriski,2.99,4,26,66%,3.1,4-5,3-4,734,763,216,46,72,HSSA
David Morrison,3.65,1.8,39,19%,3.9,1-2,3-4,923,799,284,39,37,Math/Stats
David Novak,3.48,1.7,11,40%,3.9,1-2,3-4,349,205,41,14,27,HSSA
David Patterson,3.37,2.7,15,47%,3.7,2-3,3-4,278,303,71,5,15,Science
David Paul,3.33,3.8,25,100%,3,3-4,3-4,1181,654,175,33,53,HSSA
David Rock,3.29,3.6,19,N/A,2.4,3-4,2-3,388,511,159,16,31,HSSA
David Seibold,3.45,3.6,19,N/A,2.9,3-4,2-3,466,499,131,4,13,HSSA
David Sherman,3.47,3.6,72,59%,3.1,3-4,3-4,1340,1828,1077,187,88,HSSA
David Stone,3.43,4.7,17,92%,2.7,4-5,2-3,741,504,95,5,31,Science
David Stuart,3.11,3.7,45,85%,3.5,3-4,3-4,1172,649,390,161,238,Science
David Walker,3.45,4.4,38,88%,3.2,4-5,3-4,1013,520,119,25,55,HSSA
David Weld,3.28,4.3,10,100%,3.4,4-5,3-4,502,444,142,27,29,Science
David White,3.34,3.6,9,75%,3.1,3-4,3-4,1906,1961,425,98,148,HSSA
Davit Harutyunyan,3.44,4.1,14,86%,3.3,4-5,3-4,345,174,114,31,20,Math/Stats
Dawn Holmes,3.12,3.4,148,50%,2.7,3-4,2-3,2573,2575,1625,101,407,Math/Stats
Dean Chen,3.22,4.6,11,N/A,1.7,4-5,1-2,539,637,131,13,29,HSSA
Debanuj Dasgupta,3.85,3.9,17,77%,2.6,3-4,2-3,749,83,23,8,16,HSSA
Deborah Fygenson,3.5,2,67,16%,4,2-3,4-5,2462,1166,249,44,95,Science
Debra Blumenthal,3.73,2.6,38,17%,2.9,2-3,2-3,182,43,15,3,2,Engineering
Debra Lieberman,3.44,4.3,15,N/A,2.3,4-5,2-3,313,306,80,8,11,HSSA
Debra Perrone,3.54,4.9,11,100%,2.8,4-5,2-3,540,152,40,8,7,Science
Delila Moseley,3.76,3.2,14,80%,1.7,3-4,1-2,2391,410,32,6,47,HSSA
Denis Labutin,3.49,2.8,152,64%,2.5,2-3,2-3,3036,978,479,178,184,Math/Stats
Denise Bielby,3.54,2.8,30,58%,3.4,2-3,3-4,825,409,102,32,38,HSSA
Denise Knapp,2.66,3.3,6,67%,4,3-4,4-5,71,142,89,21,8,Science
Denise Montell,3.82,3.3,16,37%,3.3,3-4,3-4,1247,568,137,13,11,Science
Denise Segura,3.33,2.5,18,16%,3.8,2-3,3-4,1233,828,227,47,115,HSSA
Dennis Clegg,3.56,3.9,35,65%,3.7,3-4,3-4,1858,2037,2459,496,360,Science
Dennis Russell,3.49,3.8,6,N/A,1.2,3-4,1-2,566,231,39,10,18,HSSA
Derek Katz,3.51,4.5,47,92%,2.1,4-5,2-3,2793,991,299,53,101,HSSA
Derek Smith,3.23,4.6,43,N/A,2.5,4-5,2-3,110,73,26,15,14,Math/Stats
Deron Burkepile,3.72,4.1,7,72%,3.1,4-5,3-4,851,509,159,22,8,Science
Diana Franklin,2.99,3,46,N/A,3.3,3-4,3-4,616,613,239,74,77,Engineering
Diana Palenzuela,3.39,4.4,6,N/A,1.8,4-5,1-2,197,157,20,6,6,HSSA
Diane Eardley,3.61,2.6,37,N/A,3.1,2-3,3-4,1212,727,83,6,15,Science
Diane Fujino,3.21,3.9,84,92%,3.1,3-4,3-4,684,1565,253,27,50,HSSA
Diane MacKie,3.59,3.2,27,25%,3.8,3-4,3-4,594,502,225,41,30,HSSA
Diba Mirza,3.6,4.7,56,90%,3,4-5,3-4,2808,774,229,54,130,Engineering
Didier Maleuvre,3.56,3.4,59,73%,3,3-4,3-4,1779,1164,242,24,107,HSSA
Dimitri Akulov,2.86,4.1,20,75%,2.9,4-5,2-3,391,810,356,37,92,HSSA
Dirk Bouwmeester,3.08,2.7,58,25%,4.1,2-3,4-5,1344,1161,621,96,132,Science
Divyakant Agrawal,3.51,2.9,38,37%,3.5,2-3,3-4,1068,418,177,34,98,Engineering
Dmitri Strukov,3.54,4.1,7,100%,3,4-5,3-4,660,414,60,16,11,Engineering
Dolly Mullin,2.73,4.1,351,78%,3.5,4-5,3-4,4211,8523,5402,1270,855,HSSA
Dolores Casillas,3.41,4.3,36,76%,2.3,4-5,2-3,3172,1901,475,81,100,HSSA
Dominique Jullien,3.14,3,22,60%,2.9,3-4,2-3,706,931,276,43,53,Science
Don Lubach,3.72,4.3,44,84%,1.7,4-5,1-2,3810,820,139,37,58,HSSA
Donald Aue,2.86,3,128,88%,3.6,3-4,3-4,2011,1960,1705,924,349,Science
Donald Loster,3.02,3.6,46,80%,2.2,3-4,2-3,653,1102,457,71,30,Economics/Business
Donald Marolf,3.49,3.4,10,80%,3.3,3-4,3-4,410,295,133,41,31,Science
Doris Padilla,2.78,2.6,18,45%,3.4,2-3,3-4,114,120,66,28,21,Math/Stats
Dorota Dutsch,3.41,4.3,20,60%,2.8,4-5,2-3,693,621,312,68,77,HSSA
Dorothy M. Chun,3.74,5,7,100%,2.4,4-5,2-3,201,42,15,3,2,HSSA
Doug Folsom,3.36,4.7,26,N/A,2.6,4-5,2-3,288,238,36,2,5,Science
Doug Steigerwald,3.46,3,41,54%,4.3,3-4,4-5,1386,1316,606,42,42,Economics/Business
Doug Thrower,3.26,3.7,93,58%,3.6,3-4,3-4,3592,2876,1927,587,353,Science
Douglas Daniels,2.49,1.9,17,N/A,3.6,1-2,3-4,7,29,26,3,3,HSSA
Douglas Eardley,3.61,4.3,22,67%,1.3,4-5,1-2,1212,727,83,6,15,Science
Douglas Kennett,3.69,3.8,6,67%,2.3,3-4,2-3,840,280,74,27,90,HSSA
Douglas Kulper,3.07,3.7,52,65%,3.2,3-4,3-4,1817,3338,1211,89,50,Economics/Business
Duane Sears,3.19,2.7,74,50%,4.4,2-3,4-5,760,931,828,98,64,Science
Dustin Lovett,3.35,3.9,11,82%,3.5,3-4,3-4,403,169,39,10,28,HSSA
Dwight Reynolds,3.71,4.5,24,100%,1.9,4-5,1-2,893,289,84,12,16,HSSA
Dzwokai Ma,3.67,3.6,41,69%,4.3,3-4,4-5,1449,1001,709,186,50,Science
E. Bruce Robertson,3.75,3.8,28,100%,2.2,3-4,2-3,1116,552,146,20,23,HSSA
Earl Stewart,3.44,3.6,20,100%,1.7,3-4,1-2,1718,771,245,55,48,HSSA
Ebrahim Ebrahim,3.09,3.7,57,64%,3.2,3-4,3-4,931,456,245,88,103,Math/Stats
Ednie Garrison,3.36,4,35,93%,2.1,4-5,2-3,1087,205,81,32,62,HSSA
Edouard Giessinger,3.48,3.9,16,82%,1.6,3-4,1-2,1382,288,104,23,13,Science
Eduardo Raposo,3.27,3.1,24,72%,2.1,3-4,2-3,826,585,174,37,21,HSSA
Edward Branigan,3.5,3.9,22,N/A,3.9,3-4,3-4,84,28,1,0,9,HSSA
Edward Keller,3.22,3.3,63,40%,2.8,3-4,2-3,1090,1528,483,10,41,Science
Edwina Barvosa,3.54,2.5,31,23%,3.6,2-3,3-4,926,1279,302,28,51,HSSA
Eileen Sheridan,3.07,3.8,18,N/A,2.7,3-4,2-3,208,300,117,12,5,Economics/Business
Elaine McLemore,3.4,4.2,12,84%,2.6,4-5,2-3,1018,459,115,15,37,HSSA
Elana Resnick,3.77,4.1,19,85%,1.6,4-5,1-2,1381,307,70,15,45,HSSA
Elena Aronova,3.6,4.2,12,84%,2.9,4-5,2-3,719,220,43,15,32,HSSA
Elena Raymond,3.44,3.3,50,64%,2.9,3-4,2-3,3170,1305,311,65,110,HSSA
Elena Skapoulli,3.26,3.2,20,0%,2.2,3-4,2-3,808,618,202,26,21,HSSA
Eleni Panagiotou,3.27,2.4,52,26%,3.3,2-3,3-4,1280,734,294,125,13,Math/Stats
Elide Oliver,3.51,3.4,14,N/A,2.6,3-4,2-3,278,112,34,13,9,HSSA
Elie Abdo,3.91,4.9,11,100%,2,4-5,2-3,259,16,7,0,0,Math/Stats
Elieen Boris,3.76,3.4,30,75%,2.6,3-4,2-3,652,237,55,10,22,HSSA
Elijah Quetin,2.78,4.7,18,N/A,2.3,4-5,2-3,111,116,54,13,17,Science
Elisabeth Weber,3.49,4.1,17,72%,2.9,4-5,2-3,586,213,54,1,22,HSSA
Elise Weir,3.35,4.3,7,86%,3,4-5,3-4,213,62,22,5,11,Math/Stats
Elizabeth Belding,3.22,3.8,10,70%,3.6,3-4,3-4,436,404,175,47,19,Engineering
Elizabeth Brownson,2.96,3.5,9,100%,2.8,3-4,2-3,56,99,37,7,8,HSSA
Elizabeth Chrastil,3.05,2.6,10,40%,2.3,2-3,2-3,212,378,165,23,22,Science
Elizabeth Cook,3.43,4.1,35,100%,3,4-5,3-4,715,632,135,22,34,HSSA
Elizabeth Digeser,3.48,2.8,107,48%,3.8,2-3,3-4,1107,1324,469,71,160,HSSA
Elizabeth Erickson,3.19,1.9,11,19%,4.5,1-2,4-5,147,138,58,13,15,Science
Elizabeth Gwinn,3,2.1,43,50%,4.3,2-3,4-5,867,983,619,247,141,Science
Elizabeth Macarthur,3.64,2.5,11,37%,2.7,2-3,2-3,381,187,37,4,14,HSSA
Elizabeth Perez,3.64,3.6,10,80%,2.5,3-4,2-3,653,215,37,15,14,HSSA
Elizabeth Saur,3.62,5,31,100%,2.5,4-5,2-3,851,221,42,7,19,HSSA
Elizabeth Thoren,3.24,2.5,65,100%,3.5,2-3,3-4,161,86,48,13,13,Math/Stats
Ellen McCracken,2.55,1.5,56,0%,4.2,1-2,4-5,238,360,324,164,75,HSSA
Ellen O'Connell,3.46,4.8,8,100%,3.4,4-5,3-4,81,34,5,0,2,HSSA
Ellen Whittet,3.64,4.4,7,86%,2.4,4-5,2-3,743,186,17,0,17,HSSA
Ellie Grano,2.72,2.8,13,75%,3.5,2-3,3-4,377,409,156,107,84,Math/Stats
Ellie Hernandez,3.55,2.8,34,45%,2.2,2-3,2-3,1369,683,97,14,43,HSSA
Elliot Wolfson,3.26,2.9,7,29%,3.9,2-3,3-4,276,178,54,3,51,HSSA
Elliott Ihm,3.25,4.5,69,87%,3,4-5,3-4,1205,625,366,96,82,HSSA
Emanuel Vespa,3.12,2,38,43%,3.9,2-3,3-4,635,949,804,91,61,Economics/Business
Emanuele Taufer,3,1.2,9,0%,4.6,1-2,4-5,203,313,273,23,42,Math/Stats
Emille Davie,2.65,2.4,9,N/A,3.9,2-3,3-4,45,47,35,6,16,Math/Stats
Emily Engel,3.16,2.2,17,18%,3.2,2-3,3-4,450,281,86,10,60,Science
Emily Jacobs,3.66,4.3,18,84%,2.9,4-5,2-3,980,446,97,13,8,HSSA
Emma Levine,3.44,5,13,100%,1.7,4-5,1-2,648,188,65,13,24,HSSA
Emma McCullough,2.95,3.7,14,N/A,3,3-4,3-4,424,300,132,35,37,HSSA
Emma Parker,3.8,2.6,18,45%,2.2,2-3,2-3,1344,238,50,9,25,HSSA
Enoch Yeung,3.79,4.5,10,80%,3.4,4-5,3-4,611,99,47,17,7,Engineering
Eric Beltz,3.45,4.7,14,100%,3.8,4-5,3-4,1267,567,122,30,35,HSSA
Eric Campbell,3.74,3.6,6,100%,3.3,3-4,3-4,312,178,51,3,13,HSSA
Eric Chen,3.25,3.8,27,71%,3.4,3-4,3-4,585,262,99,36,46,Math/Stats
Eric Corsini,2.86,1.4,46,N/A,4.7,1-2,4-5,401,567,258,37,42,Science
Eric Engel,3.16,4.9,20,100%,1.3,4-5,1-2,450,281,86,10,60,Science
Eric Jorgensen,3.69,3.7,6,67%,3.2,3-4,3-4,192,56,11,2,6,HSSA
Eric Matthys,3.11,1.9,48,100%,4.6,1-2,4-5,106,153,93,37,10,Engineering
Eric McFarland,3.28,2.7,7,40%,4.4,2-3,4-5,456,504,206,23,10,HSSA
Eric Nebeker,3.46,3.7,9,100%,2.1,3-4,2-3,274,243,21,1,4,HSSA
Eric Prieto,3.39,4.1,40,89%,2.9,4-5,2-3,1135,1222,170,15,45,HSSA
Eric Samperton,2.91,3.3,11,46%,3.6,3-4,3-4,69,80,46,8,9,Math/Stats
Eric Smith,3.43,4,68,77%,3,4-5,3-4,1641,1525,448,24,58,HSSA
Eric Zackrison,3.62,3,11,64%,3.2,3-4,3-4,1725,567,75,8,19,HSSA
Erik Muller,3.03,4.8,7,100%,1.9,4-5,1-2,97,131,43,6,6,Science
Erik Nielsen,3.5,3.8,32,60%,2.7,3-4,2-3,1591,432,105,37,82,HSSA
Erika Felix,3.83,3.3,6,67%,3.2,3-4,3-4,1192,325,52,8,9,HSSA
Erika Rappaport,3.59,4,52,75%,2.5,4-5,2-3,1437,1060,225,19,78,HSSA
Erin Ninh,3.21,3.6,50,57%,3.5,3-4,3-4,1021,1651,361,51,56,HSSA
Ernest Freund,3.18,4.3,202,87%,2.9,4-5,2-3,11841,8829,3077,961,425,Science
Ernest Sturm,3.31,2.2,13,N/A,2.7,2-3,2-3,246,308,53,1,13,HSSA
Esteban Chavez,2.8,3.5,22,N/A,3.7,3-4,3-4,338,347,270,44,23,Math/Stats
Esther Lezra,3.48,2.3,40,43%,3.3,2-3,3-4,1189,723,197,39,40,HSSA
Ethan Hartsell,3.42,4.5,6,100%,3.2,4-5,3-4,36,28,5,1,0,HSSA
Ethan Marzban,2.98,2.9,11,46%,3.4,2-3,3-4,137,90,56,9,13,Math/Stats
Eva Braunstein,3.36,4.3,23,87%,3.5,4-5,3-4,201,93,18,4,4,HSSA
Evangeline Ballerini,2.85,3.8,9,86%,2.7,3-4,2-3,29,34,24,2,4,Science
Evelyn Wade,3.77,5,54,N/A,1.6,4-5,1-2,1091,112,25,2,21,HSSA
Everett Lipman,2.97,3.4,61,17%,3.7,3-4,3-4,2241,2099,686,277,169,Science
Fabio Rambelli,3.23,3.8,7,0%,2.6,3-4,2-3,887,762,250,40,81,HSSA
Fabio Ricci,2.81,2.9,9,45%,4,2-3,4-5,17,21,13,1,4,Math/Stats
Fatima Suarez,3.22,3,13,54%,3.4,3-4,3-4,203,84,29,8,21,HSSA
Felice Blake,3.4,4.4,47,90%,2.9,4-5,2-3,1543,1091,146,21,50,HSSA
Felicia Lopez,3.26,4.8,11,91%,3.4,4-5,3-4,138,117,33,1,12,HSSA
Fernando Lopez-Alves,3.56,3.9,24,50%,2.2,3-4,2-3,1098,647,96,9,14,HSSA
Fikret Yegul,2.9,2.7,89,0%,3.1,2-3,3-4,379,489,326,84,77,HSSA
Forrest Brewer,3.54,3.2,6,50%,3.3,3-4,3-4,966,291,29,13,13,Engineering
France Winddance Twine,3.32,2.6,57,11%,3.4,2-3,3-4,791,468,169,58,71,HSSA
Francesc Roig,2.43,3.6,27,N/A,3.1,3-4,3-4,82,135,130,58,27,Science
Francesco Bullo,3.57,4,7,N/A,3.4,4-5,3-4,355,110,48,14,10,Engineering
Francis Dunn,3.44,3.7,138,56%,2.6,3-4,2-3,3345,3289,1407,249,427,HSSA
Francisco Lomeli,2.85,2.7,35,0%,3.3,2-3,3-4,137,360,218,27,48,HSSA
Frank Brown,3.15,2.8,23,67%,3.8,2-3,3-4,378,300,207,51,40,Science
Frank Dutra,3.07,3.9,24,N/A,2.1,3-4,2-3,402,533,133,4,30,HSSA
Frank Spera,3.22,3.3,9,0%,3.4,3-4,3-4,214,276,119,19,26,Science
Frederic Gibou,3.62,3.9,22,100%,2.6,3-4,2-3,1505,281,88,37,38,Engineering
Frederick Dahlquist,3.35,2.1,17,10%,3.7,2-3,3-4,302,276,141,14,19,Science
G P Brunick,2.65,2.1,8,N/A,3.4,2-3,3-4,131,193,179,47,33,Math/Stats
Gabriel Menard,3.37,2.6,26,35%,3.9,2-3,3-4,382,268,164,132,62,Science
Garay Menicucci,3.12,3.4,28,100%,2.7,3-4,2-3,188,285,62,2,11,HSSA
Garo Sarajian,2.87,2.2,12,34%,4.3,2-3,4-5,98,104,61,11,16,Math/Stats
Garrett Glasgow,3.39,4.6,18,N/A,2.2,4-5,2-3,212,264,110,28,28,HSSA
Gary Charness,3.6,3.2,40,100%,3,3-4,3-4,915,660,23,0,1,Economics/Business
Gaye Johnson,3.38,4.2,51,N/A,2.7,4-5,2-3,1493,985,300,65,70,HSSA
Gen Li,3.83,4.9,10,90%,1.3,4-5,1-2,747,88,15,5,8,Science
Gene Lerner,3.06,2.6,9,N/A,3.1,2-3,3-4,117,201,134,12,13,HSSA
Geoff Allen,3,3.7,9,78%,3.4,3-4,3-4,199,497,105,20,20,HSSA
Geoffrey Jacques,3.22,2.6,10,34%,3.6,2-3,3-4,190,235,32,6,11,HSSA
Geoffrey Raymond,3.45,4.5,18,100%,2.6,4-5,2-3,1034,567,56,9,79,HSSA
Geoffrey Tsai,3.72,4.8,6,100%,2.5,4-5,2-3,823,114,39,9,26,Engineering
George Ayoub,2.92,2.3,19,0%,3.5,2-3,3-4,111,111,53,18,8,HSSA
George Blake,3.18,2.2,6,34%,4.2,2-3,4-5,288,267,70,15,17,HSSA
George Lipsitz,3.38,3.5,71,58%,3.3,3-4,3-4,761,732,189,22,39,HSSA
Gerardo Aldana,3.43,3.1,47,100%,3.6,3-4,3-4,704,664,157,15,40,HSSA
Geunho Lim,2.55,2.1,24,25%,4.2,2-3,4-5,310,308,171,89,104,Math/Stats
Giles Gunn,3.45,2.9,81,34%,3.1,2-3,3-4,1197,880,200,23,36,HSSA
Gina Genova,3.38,4.5,46,100%,3.1,4-5,3-4,933,1023,96,10,14,HSSA
Gina Vallis,3.49,4.6,35,N/A,2.1,4-5,2-3,616,298,13,4,32,HSSA
Giorgina Paiella,3.33,4.7,17,95%,2.8,4-5,2-3,23,32,1,0,2,HSSA
Giri Gopalan,3.6,4.9,8,100%,2.3,4-5,2-3,341,128,33,0,3,Math/Stats
Giuliana Perrone,3.27,4.6,44,85%,2.6,4-5,2-3,1566,1455,280,23,117,HSSA
Glenn Beltz,3.55,4.8,44,90%,2.5,4-5,2-3,764,381,98,33,10,Engineering
Glenn Fredrickson,3.53,4.5,9,100%,3.8,4-5,3-4,323,190,34,14,11,HSSA
Glenn Owen,2.62,3.1,44,N/A,2.8,3-4,2-3,82,240,149,28,24,Economics/Business
Glenn Patten,3.01,3,21,100%,3.5,3-4,3-4,600,683,425,149,162,HSSA
Gordon Abra,3.49,3.9,82,77%,3.5,3-4,3-4,4028,1404,378,107,123,HSSA
Grace Chang,3.48,3.5,87,72%,2.7,3-4,2-3,786,622,153,25,59,HSSA
Graciela Limon,3.54,4.6,6,N/A,1.3,4-5,1-2,203,84,14,1,2,HSSA
Graham Budgett,3.49,3.6,7,N/A,3.3,3-4,3-4,336,112,10,3,20,HSSA
Greg Goalwin,3.21,4.7,7,100%,2.9,4-5,2-3,90,85,23,3,5,HSSA
Greg Hillis,3.41,4.1,125,77%,2.1,4-5,2-3,4596,2947,723,125,229,HSSA
Greg Jarrett,3.18,3.9,38,80%,3.1,3-4,3-4,1368,1038,665,63,115,HSSA
Greg Johnson,3.38,3.7,6,67%,2.2,3-4,2-3,1493,985,300,65,70,HSSA
Greg Mitchell,3.42,2.7,7,29%,3.9,2-3,3-4,279,130,31,14,30,HSSA
Greg Siegel,3.1,3.2,28,41%,4.2,3-4,4-5,426,820,449,115,67,HSSA
Greg Wilson,3.55,4,8,60%,2.9,4-5,2-3,644,247,76,15,20,HSSA
Gregg Santori,3.17,2.7,32,N/A,3.2,2-3,3-4,501,515,84,9,41,HSSA
Gregory Graves,3.2,4.3,165,88%,2.4,4-5,2-3,4392,7134,1010,53,243,HSSA
Gretchen Hofmann,3.47,4.8,20,100%,2.3,4-5,2-3,1791,2954,2190,508,171,Science
Gufong Wei,3.07,2.2,107,35%,3.6,2-3,3-4,865,743,626,160,203,Math/Stats
Guillaume Bonnet,2.88,2.2,13,N/A,2.5,2-3,2-3,16,16,13,0,2,Math/Stats
Gunhee Cho,3.33,3.5,56,65%,3.1,3-4,3-4,883,283,104,21,45,Math/Stats
Guo Yu,3.53,3.1,21,58%,3.5,3-4,3-4,398,227,73,25,11,Math/Stats
Guofang Wei,3.07,1.7,26,16%,4.1,1-2,4-5,865,743,626,160,203,Math/Stats
Gurinder Singh Mann,3.45,4.4,38,N/A,1.8,4-5,1-2,978,765,106,10,32,HSSA
Gustavo Ponce,3.2,2.6,96,38%,3.4,2-3,3-4,1361,1022,547,293,261,Math/Stats
Hailong Guo,2.83,4.2,15,84%,3,4-5,3-4,353,348,206,80,63,Math/Stats
Hal Pedersen,3.16,2.1,14,36%,3.9,2-3,3-4,459,414,156,30,52,Math/Stats
Hala Sun,3.23,1.9,7,15%,4,1-2,4-5,79,91,10,3,4,HSSA
Haley Smith,3.32,1.3,6,17%,4,1-2,4-5,110,108,65,14,3,Science
Hangping Xu,3.66,5,11,100%,2.8,4-5,2-3,537,175,49,22,31,HSSA
Hannah Wohl,3.63,3.5,13,62%,3.4,3-4,3-4,428,186,50,5,22,HSSA
Harold Marcuse,3.4,3,61,32%,2.5,3-4,2-3,1922,1404,371,64,124,HSSA
Harry Nelson,3.4,4.2,24,46%,2.9,4-5,2-3,673,527,126,12,15,Science
Harry Reese,3.6,3.6,7,100%,3.4,3-4,3-4,281,138,12,2,2,HSSA
Harvey Sharrer,3.05,2.5,7,N/A,2.7,2-3,2-3,30,72,9,0,8,HSSA
Heather Badamo,3.26,2.4,34,50%,3.4,2-3,3-4,602,700,192,32,60,HSSA
Heather Blurton,3.54,3.4,14,40%,2.8,3-4,2-3,856,701,151,21,63,HSSA
Heather Stoll,3.49,3.4,19,34%,3.6,3-4,3-4,405,472,149,15,24,HSSA
Heather Zheng,3.71,2.9,21,N/A,2.8,2-3,2-3,247,96,28,5,7,Engineering
Hector Ceniceros,3.2,3.2,74,38%,3.1,3-4,3-4,1335,1091,581,99,227,Math/Stats
Heejung Kim,3.55,3.4,30,78%,2.6,3-4,2-3,1545,1598,514,78,49,HSSA
Helen Couclelis,2.73,2.5,20,N/A,3.1,2-3,3-4,106,186,152,54,30,Science
Helen Morales,3.59,4.1,64,89%,2.2,4-5,2-3,3008,1506,659,114,174,HSSA
Helen Taschian,3.21,3.5,47,67%,3.3,3-4,3-4,1917,971,281,74,219,HSSA
Helena McGahagan,2.68,2.6,37,N/A,3.8,2-3,3-4,58,47,48,29,5,Math/Stats
Helene Gardner,3.23,4,28,58%,3.2,4-5,3-4,1753,1601,445,107,65,Science
Henning Bohn,3.22,3.4,17,50%,3.2,3-4,3-4,654,514,244,67,37,Economics/Business
Henry Kim,3.55,2.4,7,N/A,2.9,2-3,2-3,1545,1598,514,78,49,HSSA
Henry Maar,3.2,4.5,16,88%,2.4,4-5,2-3,599,642,89,7,46,HSSA
Henry Sander,2.76,3.6,100,100%,4,3-4,4-5,504,908,603,66,118,Economics/Business
Hilal Elver,3.63,2.5,6,N/A,2.3,2-3,2-3,68,21,6,0,2,HSSA
Hilary Bernstein,3.2,4,44,60%,3.2,4-5,3-4,614,800,309,36,74,HSSA
Hillary Young,3.65,2.8,6,50%,3.5,2-3,3-4,1077,415,163,33,23,Science
Hiroko Sugawara,3.47,4.5,18,50%,2,4-5,2-3,1140,456,121,17,9,HSSA
Holly Moeller,3.72,4.3,10,80%,3.7,4-5,3-4,605,326,96,10,5,Science
Holly Roose,3.75,5,7,100%,1,4-5,1-2,1618,52,64,6,39,HSSA
Hongbo Yu,3.41,3.5,23,57%,2.9,3-4,2-3,754,248,73,21,15,HSSA
Horia Metiu,3.38,3,10,56%,3.7,3-4,3-4,474,407,146,54,30,Science
Howard Giles,3.64,4.5,21,100%,2.2,4-5,2-3,789,540,120,18,8,HSSA
Howard Winant,3.46,2.5,143,48%,2.6,2-3,2-3,1519,2268,688,84,84,HSSA
Hsiao-Jung (Sharon) Yu,3.41,3.6,24,10%,3,3-4,3-4,754,248,73,21,15,HSSA
Hua Lee,3.41,3.1,29,100%,3.4,3-4,3-4,545,486,273,81,47,Engineering
Huachen Chen,3.35,3.8,25,68%,2.9,3-4,2-3,731,162,54,15,37,Math/Stats
Hugo Loaiciga,2.66,2.7,20,55%,3,2-3,3-4,302,443,368,94,61,Science
Huy Nguyen,2.66,4.7,12,100%,3.6,4-5,3-4,10,16,19,0,2,Economics/Business
Ian Duncan,2.98,2.8,23,47%,4.2,2-3,4-5,689,856,958,148,117,Math/Stats
Ian Nance,2.85,3.7,6,N/A,2.5,3-4,2-3,68,194,80,12,7,HSSA
Ian Walker,3.41,4.3,7,72%,3.4,4-5,3-4,143,179,96,38,25,Science
Ignacio Esponda,3.56,4.6,11,91%,2.6,4-5,2-3,991,443,72,10,17,Economics/Business
Igor Mezic,3.5,3.9,17,89%,3.6,3-4,3-4,386,374,137,42,11,Engineering
Ilan Ben-Yaacov,3.59,3.9,24,25%,2.6,3-4,2-3,1844,620,190,52,33,Engineering
Ilana Luna,2.92,4.8,8,N/A,2.6,4-5,2-3,22,11,12,3,1,HSSA
Ilene Miele,3.4,4.2,25,50%,1.9,4-5,1-2,1763,1723,135,11,56,HSSA
Ilesanmi Adeboye,3.24,4.1,16,N/A,2.6,4-5,2-3,71,62,21,3,4,Math/Stats
Ines Talamantez,3.59,2.8,58,82%,2,2-3,2-3,1245,548,86,21,47,HSSA
Ingrid Banks,2.46,2.6,21,27%,4.7,2-3,4-5,264,682,567,207,358,HSSA
Ingrid Bowman,3.39,3.5,20,50%,3.9,3-4,3-4,481,359,47,9,12,HSSA
Ingrid Li,2.89,4.5,6,100%,3.8,4-5,3-4,23,46,15,2,3,HSSA
Irina Wender,3.16,3.2,18,N/A,3.1,3-4,3-4,120,119,23,7,10,HSSA
Irwin Appel,3.86,4.2,20,100%,2.1,4-5,2-3,1674,136,6,3,8,HSSA
Isabella Restrepo,3.63,4.2,10,80%,2.9,4-5,2-3,377,77,14,7,8,HSSA
Ivanne Deneroff,3.61,2.6,13,24%,4,2-3,4-5,127,57,13,0,0,HSSA
J J Kearney,3.67,4.3,57,85%,2.5,4-5,2-3,2003,1246,227,23,49,HSSA
J. Sears McGee,2.92,3.9,40,100%,3.3,3-4,3-4,277,566,320,42,70,HSSA
Jack Miller,3.52,4.9,17,100%,2,4-5,2-3,930,407,140,26,27,HSSA
Jackson Warkentin,3.48,4.7,20,93%,2.8,4-5,2-3,670,446,158,8,46,HSSA
Jacob Serup,2.86,3,19,62%,3.7,3-4,3-4,312,326,244,0,72,Math/Stats
Jacqueline Apodaca,3.69,4.9,10,N/A,1.2,4-5,1-2,228,73,22,6,15,HSSA
Jacqueline Bobo,3.28,4.1,10,100%,2.2,4-5,2-3,1737,1106,439,76,85,HSSA
Jaime Alves,3.24,2.8,15,47%,3.5,2-3,3-4,560,321,73,27,61,HSSA
James Donelan,3.54,3.9,93,65%,2.7,3-4,2-3,1815,1027,66,2,71,HSSA
James McNamara,3.45,4.8,24,96%,3.2,4-5,3-4,542,602,39,8,13,HSSA
James Roney,3.33,3.4,49,67%,3.6,3-4,3-4,908,1506,991,143,104,HSSA
James Tener,2.98,4.4,29,91%,2.7,4-5,2-3,494,394,221,54,23,Math/Stats
Jamey Marth,3,2.6,7,N/A,3.1,2-3,3-4,323,450,281,34,12,Science
Jan Frodesen,3.53,4.9,6,100%,3,4-5,3-4,404,166,35,3,3,HSSA
Jane Callister,3.72,4.7,6,N/A,2,4-5,2-3,606,165,8,5,4,HSSA
Jane Duran,3.54,3.8,23,100%,2.3,3-4,2-3,411,228,20,4,6,HSSA
Janet Afary,3.39,3.6,11,72%,3,3-4,3-4,825,427,103,47,51,HSSA
Janet Mizrahi,3.36,3.7,43,43%,3.8,3-4,3-4,937,934,76,11,25,HSSA
Janet Walker,3.75,4.1,14,67%,2.9,4-5,2-3,477,89,8,2,9,HSSA
Janis Caldwell,3.57,4.5,14,100%,1.8,4-5,1-2,409,171,25,9,9,HSSA
Janna Haider,3.37,3.4,7,58%,2.9,3-4,2-3,13,8,1,0,1,HSSA
Jaqueline Bobo,3.28,2.7,97,83%,2.6,2-3,2-3,1737,1106,439,76,85,HSSA
Jared Holton,3.51,4.5,11,82%,1.9,4-5,1-2,669,173,47,10,22,HSSA
Jared Kubler,2.15,2.2,10,20%,4.6,2-3,4-5,30,28,34,11,19,Math/Stats
Jarett Henderson,3.54,3.4,34,59%,3.4,3-4,3-4,1210,429,114,34,76,HSSA
Jason Duque,3.79,2.8,18,39%,2.8,2-3,2-3,1725,359,111,34,58,HSSA
Jason Raley,3.91,4.4,30,100%,2.4,4-5,2-3,2194,341,81,12,17,HSSA
Jason Stohler,3.44,4.9,11,100%,1.9,4-5,1-2,863,519,67,0,27,HSSA
Jason Turowetz,3.31,4.7,17,100%,1.9,4-5,1-2,849,600,167,30,59,HSSA
Javier Birchenall,3.32,2.4,109,33%,3.7,2-3,3-4,2457,3488,3007,260,86,Economics/Business
Jea-Hyun Park,3.13,3.1,51,55%,3.3,3-4,3-4,573,308,116,49,36,Math/Stats
Jean Carlson,3.21,2.9,22,50%,4,2-3,4-5,1538,1449,526,113,209,HSSA
Jean Schultz,3.24,3.6,21,50%,3,3-4,3-4,1093,906,266,53,59,HSSA
Jeanette Peterson,3.25,3.6,20,N/A,3.1,3-4,3-4,312,345,107,13,26,HSSA
Jeannine Delombard,2.81,2.4,22,15%,4.6,2-3,4-5,338,442,186,73,110,HSSA
Jedrzej Kozerawski,3.85,3.7,12,75%,3,3-4,3-4,335,12,7,0,7,Engineering
Jeff Bagwell,3.09,3.4,16,69%,2.3,3-4,2-3,251,286,77,5,15,HSSA
Jeff Moehlis,3.38,4.3,25,80%,2.4,4-5,2-3,1694,762,310,62,130,Engineering
Jeff Richman,3.42,2.9,15,50%,3.7,2-3,3-4,349,271,171,49,34,Science
Jeffrey Hanson,3.51,4.8,45,87%,3,4-5,3-4,3205,2080,174,10,83,HSSA
Jeffrey Hehmeyer,3.35,4.8,13,N/A,2.7,4-5,2-3,32,21,2,0,2,HSSA
Jeffrey Hoelle,3.49,3.9,72,69%,2.4,3-4,2-3,2011,2373,459,82,92,HSSA
Jeffrey Stewart,3.53,4.1,14,73%,2.7,4-5,2-3,1249,691,131,32,44,HSSA
Jeffrey Stopple,3.18,3.1,80,32%,3.6,3-4,3-4,1084,493,328,242,103,Math/Stats
Jen Martin,3.15,3.6,81,64%,2.9,3-4,2-3,5149,2668,742,155,285,HSSA
Jennifer Earl,3,3.6,19,N/A,3.3,3-4,3-4,122,110,45,16,15,HSSA
Jennifer Gibbs,3.71,4.5,10,80%,2.7,4-5,2-3,792,364,26,1,7,HSSA
Jennifer Hamilton,3.03,4.1,25,N/A,2.4,4-5,2-3,681,1015,362,56,51,HSSA
Jennifer Holt,3.16,4.1,48,75%,3.5,4-5,3-4,673,1274,462,46,73,HSSA
Jennifer Hulme,2.65,4,48,71%,3.5,4-5,3-4,1092,1563,1206,397,170,Economics/Business
Jennifer Johnson,3.51,4.7,30,100%,2,4-5,2-3,2089,1255,324,35,78,HSSA
Jennifer Kam,3.36,4.3,12,84%,2.8,4-5,2-3,675,779,240,41,17,HSSA
Jennifer King,3.09,4.8,14,86%,2.9,4-5,2-3,608,679,313,93,91,Science
Jennifer Marsh,3.3,4.3,10,80%,3.2,4-5,3-4,127,155,28,1,2,Science
Jennifer Tyburczy,3.84,4.7,9,89%,2.4,4-5,2-3,1196,102,24,5,22,HSSA
Jennifer Vanderpool,3.59,2.7,29,75%,2.7,2-3,2-3,868,197,33,2,28,HSSA
Jennifer Wicke,3.88,4.7,13,100%,1.6,4-5,1-2,1503,108,19,9,20,HSSA
Jeremy Brightbill,2.69,4.5,30,77%,4.1,4-5,4-5,180,144,108,74,29,Math/Stats
Jeremy Douglass,3.6,3.4,26,59%,2.6,3-4,2-3,983,750,146,21,31,HSSA
Jeremy Moore,3.28,4.9,7,100%,3.1,4-5,3-4,2479,2233,1096,185,222,Math/Stats
Jeremy White,3.23,3.7,54,66%,3,3-4,3-4,2522,1350,337,74,125,HSSA
Jessica Feezell,2.91,4.7,12,N/A,2.8,4-5,2-3,91,185,87,16,15,HSSA
Jessica Nakamura,3.69,4.8,6,100%,2,4-5,2-3,1267,241,53,14,33,HSSA
Jessica Valadez,3.93,4.2,6,84%,1.7,4-5,1-2,123,9,0,0,0,HSSA
Jessica Zisa,3.47,1.8,9,23%,3.6,1-2,3-4,203,45,11,4,11,HSSA
Jia-Ching Chen,3.09,1.6,33,7%,4.3,1-2,4-5,960,1020,482,92,156,HSSA
Jianwen Su,3.4,2,30,39%,3.8,2-3,3-4,644,421,224,36,32,Engineering
Jiayin Pan,2.97,3.6,42,72%,3.4,3-4,3-4,622,479,208,55,74,Math/Stats
Jillian Fischer,3.47,3.6,15,60%,2.9,3-4,2-3,890,224,62,13,64,HSSA
Jillian Mullen,3.45,3.4,9,67%,3.1,3-4,3-4,281,97,22,8,8,HSSA
Jim Cooper,2.95,2.4,18,0%,4.2,2-3,4-5,320,423,255,50,27,Science
Jim Lee,3.72,3.8,30,N/A,2.3,3-4,2-3,2306,1473,411,82,139,HSSA
Jim Speck,3.73,2.3,9,0%,3.4,2-3,3-4,472,332,142,22,10,Science
Jingrun Chen,3.09,3.7,13,N/A,2.6,3-4,2-3,960,1020,482,92,156,HSSA
Jingyi He,3.21,1.3,15,7%,4.3,1-2,4-5,372,294,128,5,15,Math/Stats
Jo Ann Shelton,3.23,3.9,11,N/A,2.5,3-4,2-3,47,44,13,2,3,HSSA
Joan Shea,3.62,3.6,35,80%,3.2,3-4,3-4,350,218,139,27,11,Science
Joao Hespanha,3.94,4.9,10,100%,1.9,4-5,1-2,1247,13,1,1,3,Engineering
Jocelyn Holland,3.58,3.6,26,80%,2.3,3-4,2-3,908,379,74,10,26,HSSA
Jody Enders,3.25,2.9,44,25%,3.3,2-3,3-4,363,579,102,10,21,HSSA
Joe Chada,3.38,4.4,20,90%,3.1,4-5,3-4,781,586,160,22,18,HSSA
Joe McFadden,3.56,4.3,13,100%,2.9,4-5,2-3,587,351,114,28,14,Science
Joe Walther,3.61,4,15,67%,3.3,4-5,3-4,413,136,72,21,10,HSSA
Joe Zasadzinski,2.92,2.5,11,N/A,4.2,2-3,4-5,19,36,21,1,0,HSSA
Joel Hunt,3.05,4.6,7,0%,2.1,4-5,2-3,123,75,35,7,18,HSSA
Joel Michaelsen,3.18,2.5,14,N/A,3,2-3,3-4,171,262,111,1,19,Science
Joel Rothman,3.57,4.3,24,82%,3.3,4-5,3-4,963,800,765,78,46,Science
John Baldwin,3.5,3.7,352,53%,3.3,3-4,3-4,22674,16780,10848,1257,1880,HSSA
John Catalini,3.46,3.8,17,N/A,1.7,3-4,1-2,298,256,9,3,4,HSSA
John Cottle,3.51,4.3,22,90%,2.8,4-5,2-3,462,468,165,43,25,Science
John Foran,3.81,4.6,45,100%,2.2,4-5,2-3,3637,330,42,7,47,HSSA
John Gilbert,3.61,3.9,7,100%,2.3,3-4,2-3,613,176,56,19,11,Engineering
John Greathouse,3.42,4.8,134,99%,2.9,4-5,2-3,1679,1055,216,52,50,Engineering
John Hajda,3.25,3.4,11,25%,3.2,3-4,3-4,498,432,173,36,15,HSSA
John Hartman,2.84,2.4,150,31%,3.8,2-3,3-4,4094,5428,3503,613,778,Economics/Business
John Helms,2.52,3.8,31,N/A,3.4,3-4,3-4,389,390,204,117,134,Math/Stats
John J. Shynk,3.43,3.8,6,N/A,2.5,3-4,2-3,399,464,116,4,7,Engineering
John Johnson,3.51,2.8,13,17%,3.8,2-3,3-4,2089,1255,324,35,78,HSSA
John Kaminsky,2.94,3.2,15,60%,3.1,3-4,3-4,422,432,258,81,36,Math/Stats
John Latto,3.22,4.8,102,99%,2.1,4-5,2-3,7836,3960,2226,621,267,Science
John Lee,3.72,4.2,103,47%,3.1,4-5,3-4,2306,1473,411,82,139,HSSA
John Majewski,3.19,4.7,72,100%,2.6,4-5,2-3,911,1242,343,35,65,HSSA
John Mohr,3.76,3.9,35,100%,1.5,3-4,1-2,871,453,102,10,20,HSSA
John Moore,3.28,4.6,36,92%,2.6,4-5,2-3,2479,2233,1096,185,222,Math/Stats
John Nathan,3.8,3.4,27,80%,2.5,3-4,2-3,2793,550,171,21,74,HSSA
John Park,3.13,4.3,15,72%,3.7,4-5,3-4,573,308,116,49,36,Math/Stats
John Perona,3.31,2.4,16,N/A,3.8,2-3,3-4,30,30,18,4,5,Science
John Robertson,3.56,3.6,7,72%,3.1,3-4,3-4,405,168,23,3,10,HSSA
John Schranck,3.59,4.6,9,89%,2.8,4-5,2-3,432,94,25,3,14,HSSA
John Soboslai,3.08,3.8,12,34%,2.8,3-4,2-3,211,255,77,29,13,HSSA
John Sutton,3.35,4.3,19,34%,2.2,4-5,2-3,1076,1170,162,19,39,HSSA
John Talbott,3.34,3.5,22,N/A,2.5,3-4,2-3,156,168,48,2,5,HSSA
John Tooby,3.75,3.1,52,20%,2.6,3-4,2-3,979,916,289,66,21,HSSA
John Wilson,3.95,4.4,8,N/A,2.9,4-5,2-3,58,0,0,0,0,Economics/Business
John Woolley,3.09,2.8,36,20%,3.3,2-3,3-4,395,943,292,43,73,HSSA
Jon Cruz,3.36,4.1,18,60%,2.4,4-5,2-3,828,823,228,30,61,HSSA
Jon McCammond,3.58,4.5,30,100%,2.4,4-5,2-3,633,328,135,39,31,Math/Stats
Jon Nathan,3.8,3.3,16,70%,3.5,3-4,3-4,2793,550,171,21,74,HSSA
Jon Ramsey,3.51,4.6,12,N/A,2.5,4-5,2-3,368,194,19,6,1,HSSA
Jon Snyder,3.36,4.2,31,100%,3.4,4-5,3-4,350,370,133,12,37,HSSA
Jon Sonstelie,2.83,3.4,168,100%,3.6,3-4,3-4,1177,2294,4374,143,168,Economics/Business
Jonathan Balkind,3.8,3.5,24,75%,3.3,3-4,3-4,497,176,26,5,5,Engineering
Jonathan Forbes,3.41,4.8,11,100%,2.1,4-5,2-3,169,120,19,4,5,HSSA
Jonathan Schooler,3.38,3.5,57,77%,3.3,3-4,3-4,1847,2439,1594,411,184,HSSA
Jordan Clark,3.18,2.4,20,0%,3.4,2-3,3-4,864,709,339,74,50,Science
Jordan Schettler,3.33,4.8,21,100%,1.9,4-5,1-2,464,244,86,29,20,Math/Stats
Jordan Victorian,3.45,3.5,6,67%,2.2,3-4,2-3,363,87,26,7,23,HSSA
Jorge Checa,3.43,3.2,13,N/A,2.1,3-4,2-3,519,385,78,6,6,HSSA
Jorge Luis Castillo,3.3,4.6,8,100%,3,4-5,3-4,729,430,167,34,45,HSSA
Jose Cabezon,3.71,4.3,14,70%,2.6,4-5,2-3,506,289,128,32,40,HSSA
Jose Saleta,2.71,2.9,7,N/A,1.9,2-3,1-2,47,74,61,11,8,Science
Jose Valente,2.84,3.9,7,N/A,2.6,3-4,2-3,22,51,21,3,2,HSSA
Joseph Blankholm,3.57,4.5,45,89%,3.2,4-5,3-4,768,390,105,22,54,HSSA
Joseph Hennawi,3.45,2.7,6,34%,3.7,2-3,3-4,194,102,51,11,15,Science
Josh May,2.65,4.1,8,N/A,3.3,4-5,3-4,16,75,31,10,9,HSSA
Josh Schimel,3.66,3.4,11,80%,3.6,3-4,3-4,927,333,130,23,20,Science
Josh Smith,3.08,4.8,6,100%,2.5,4-5,2-3,86,65,15,5,14,HSSA
Joshua Moss,3.12,4,7,N/A,2.6,4-5,2-3,185,344,97,2,16,HSSA
Jovana Gomez,3.37,2.3,6,17%,3.8,2-3,3-4,428,141,34,15,18,HSSA
Joyce King,3.09,1.7,6,0%,3.3,1-2,3-4,608,679,313,93,91,Science
Juan Campo,2.9,3.3,41,38%,3.2,3-4,3-4,412,477,163,55,67,HSSA
Juan Pablo Lupi,3.29,3.9,20,80%,3.3,3-4,3-4,920,781,158,25,69,HSSA
Jude Akudinobi,3.43,3.3,83,53%,2.3,3-4,2-3,3265,1981,218,30,139,HSSA
Judith Green,3.97,1.9,9,100%,2.7,1-2,2-3,128,4,0,0,0,HSSA
Julia Lowell,2.99,3.3,11,43%,3.4,3-4,3-4,416,716,424,16,10,Economics/Business
Julia Morse,3.2,4.2,22,73%,3.2,4-5,3-4,381,509,167,26,24,HSSA
Julie Carlson,3.21,4,40,75%,2.8,4-5,2-3,1538,1449,526,113,209,HSSA
Julie Simpson,3.74,3.7,12,67%,4,3-4,4-5,816,560,392,37,34,Science
Julie Swenson,2.84,4.3,85,88%,3.1,4-5,3-4,3074,3713,2700,531,447,Math/Stats
Julissa Pena,2.81,4.5,13,100%,2,4-5,2-3,4,10,6,1,0,HSSA
Justin Kelz,3.07,3.3,56,62%,3.6,3-4,3-4,1288,714,324,161,90,Math/Stats
Justin Pearson,3.83,4.9,14,N/A,2.6,4-5,2-3,332,27,7,2,3,HSSA
Justin Russak,2.99,3,76,N/A,3.3,3-4,3-4,1329,2543,1373,274,206,Science
Justin Tooley,3.2,2.7,8,38%,3,2-3,3-4,141,87,41,5,1,Economics/Business
Justine Meyr,3.67,5,32,100%,2.1,4-5,2-3,417,37,12,4,11,HSSA
Kai Kristiansen,3,3.1,25,56%,3.2,3-4,3-4,543,497,168,30,37,Science
Kai Thaler,3.7,5,10,100%,2.8,4-5,2-3,620,198,39,11,8,HSSA
Kali Yamboliev,3.22,2.6,8,13%,3.9,2-3,3-4,317,493,27,2,28,HSSA
Kalju Kahn,2.49,3.1,102,34%,4.6,3-4,4-5,522,564,410,217,235,Science
Kana Pierce,3.5,5,10,100%,2.7,4-5,2-3,399,143,47,13,5,HSSA
Kane Anderson,3.75,4.6,32,N/A,2.8,4-5,2-3,15,3,0,0,0,HSSA
Kara Attrep,3.61,4.2,21,N/A,1.6,4-5,1-2,257,115,22,7,9,HSSA
Kara Mae Brown,3.35,4.4,9,80%,3.4,4-5,3-4,59,16,11,1,2,HSSA
Karel Casteels,3.16,4.3,42,84%,2.8,4-5,2-3,1325,795,612,95,135,Math/Stats
Karen GRIGORIAN,3.49,2.8,17,48%,3.3,2-3,3-4,134,84,21,1,0,Math/Stats
Karen Lunsford,3.84,4.8,7,100%,2.3,4-5,2-3,542,120,4,1,3,HSSA
Karen Myers,3.48,4.4,30,77%,2.4,4-5,2-3,1182,1691,535,42,32,HSSA
Karen Szumlinski,3.46,4.5,78,91%,3.7,4-5,3-4,1894,1201,682,105,82,HSSA
Kasie Mays,3.34,2.7,25,40%,3.1,2-3,3-4,371,170,37,11,14,HSSA
Kate McDonald,3.68,4.4,10,90%,2.4,4-5,2-3,739,312,94,11,20,HSSA
Katerina Ford,3.16,1.9,46,14%,3.9,1-2,3-4,520,393,292,108,61,HSSA
Katharina Schreiber,3.57,4.3,14,N/A,2.4,4-5,2-3,267,132,46,8,7,HSSA
Katherine Saltzman-Li,3.54,2.8,26,0%,3.2,2-3,3-4,972,692,256,41,84,HSSA
Kathleen Bruhn,3.16,3.4,87,52%,3.2,3-4,3-4,975,1730,617,86,68,HSSA
Kathy Foltz,3.83,5,46,100%,3.4,4-5,3-4,3099,947,318,42,17,Science
Kathy Marshall,3.17,2.5,47,30%,3.5,2-3,3-4,1299,1237,499,46,48,Economics/Business
Kathy Patterson,3.15,4,23,50%,2.7,4-5,2-3,857,1095,210,25,69,HSSA
Katia McClain,3.67,4.3,32,65%,1.8,4-5,1-2,2010,530,70,12,24,HSSA
Katie Baillargeon,3.62,4.7,51,87%,2.2,4-5,2-3,2499,623,98,9,85,HSSA
Katie Coburn,3.66,3.4,37,65%,2.8,3-4,2-3,2104,442,132,24,51,Math/Stats
Katie Moore,3.57,4.4,18,89%,1.9,4-5,1-2,2994,887,159,64,95,HSSA
Katy Craig,2.93,3.4,14,58%,3.9,3-4,3-4,270,216,148,25,76,Math/Stats
Kaustav Banerjee,3.4,2,9,100%,4.5,2-3,4-5,168,150,10,1,13,Engineering
Kay Young,3.57,4.3,28,50%,3.7,4-5,3-4,905,619,67,8,31,HSSA
Kayla McLaughlin,2.45,4.6,14,N/A,3.1,4-5,3-4,2,5,1,1,1,HSSA
Keith Clarke,3.35,3.5,33,80%,2.6,3-4,2-3,1128,653,224,55,103,Science
Keith Corona,3.7,4,16,69%,2.7,4-5,2-3,762,198,36,4,6,HSSA
Kelly Bedard,3.44,3,101,44%,3.7,3-4,3-4,2658,2726,2203,103,258,Economics/Business
Kelly Thomasson,3.37,2.3,80,29%,3.7,2-3,3-4,2330,1417,332,42,62,Science
Kelsey Dowdy,3.65,4.6,11,82%,2.8,4-5,2-3,1200,251,58,8,18,Science
Ken Goodearl,3.02,3.8,74,60%,2.6,3-4,2-3,1215,971,485,241,197,Math/Stats
Ken Hough,3.63,3.3,8,34%,2.8,3-4,2-3,2167,548,100,9,37,Engineering
Ken Millett,2.99,2.8,46,8%,3.5,2-3,3-4,707,752,479,157,177,Math/Stats
Kendra Calhoun,3.21,4.7,7,100%,2.7,4-5,2-3,132,61,20,7,8,HSSA
Kenneth (Ken) Hiltner,3.59,3.8,296,69%,2.8,3-4,2-3,7242,4846,1863,433,406,HSSA
Kenneth Kosik,3.47,3.6,10,N/A,3.6,3-4,3-4,632,450,169,28,21,Science
Kenneth Rose,3.65,4.4,8,80%,3.1,4-5,3-4,1067,493,99,0,11,Engineering
Kenneth Smith,3.64,4.9,15,100%,2.1,4-5,2-3,1239,352,34,1,26,HSSA
Kevin Almeroth,3.25,3.5,13,50%,3.2,3-4,3-4,527,377,135,38,24,Engineering
Kevin Anderson,3.75,3.6,21,58%,2.9,3-4,2-3,15,3,0,0,0,HSSA
Kevin Burk,3.34,3,64,54%,4.5,3-4,4-5,483,95,51,27,39,Engineering
Kevin Falvey,2.73,2.9,62,10%,3.3,2-3,3-4,400,771,521,50,124,HSSA
Kevin Hatcher,3.38,4,8,88%,2,4-5,2-3,1921,1430,288,39,49,HSSA
Kevin Kearney,3.32,4.6,10,N/A,2,4-5,2-3,110,70,7,0,8,HSSA
Kevin McBrien,3.7,4.5,14,100%,1.6,4-5,1-2,1048,178,38,8,21,HSSA
Kevin Moore,3.57,5,16,100%,2.3,4-5,2-3,2994,887,159,64,95,HSSA
Kevin Plaxco,3.45,4.3,21,100%,3.5,4-5,3-4,446,403,299,15,27,Science
Kevin Rutherford,3.68,4.3,14,79%,2.3,4-5,2-3,795,156,23,16,16,HSSA
Kevin Welding,2.48,5,10,N/A,2.4,4-5,2-3,16,25,32,0,9,Economics/Business
Kevin Whitehead,3.51,4.2,28,78%,3.1,4-5,3-4,691,267,43,6,27,HSSA
Kim Turner,3.22,3.6,7,0%,3.3,3-4,3-4,274,258,100,16,2,Engineering
Kim Yasuda,3.78,3.5,13,100%,2.9,3-4,2-3,1788,227,31,6,25,HSSA
Kostas Goulias,3.69,4.2,12,100%,1.5,4-5,1-2,864,259,44,4,30,Science
Kristie Klose,2.7,4.4,13,N/A,3.2,4-5,3-4,27,37,25,9,5,Science
Kristy Hamilton,3.5,4.2,20,80%,2.8,4-5,2-3,763,407,68,14,11,HSSA
Kristy Slominski,2.83,4.4,7,N/A,1.7,4-5,1-2,66,96,43,10,9,HSSA
Krzysztof Janowicz,3.34,4.1,9,67%,3,4-5,3-4,688,544,170,45,44,Science
Kum Kum Bhavnani,3.71,4.6,31,34%,2.3,4-5,2-3,779,292,17,5,22,HSSA
Kyle Chapman,2.67,2.2,47,86%,3.7,2-3,3-4,499,472,252,151,145,Math/Stats
Kyle Dickey,2.91,3.4,8,38%,3,3-4,3-4,130,248,80,12,23,HSSA
Kyle Ratner,3.39,4.3,25,91%,2.2,4-5,2-3,1132,529,215,35,50,HSSA
Lal Zimman,3.77,4.6,13,100%,2.9,4-5,2-3,886,275,69,11,28,HSSA
Larry Gerstein,2.64,2.3,46,N/A,4.1,2-3,4-5,74,79,60,32,27,Math/Stats
Larry Gurrola,3.07,3.4,6,N/A,2,3-4,2-3,146,95,45,6,3,Science
Larry McLellan,3.62,4.8,18,100%,2.8,4-5,2-3,1105,356,45,9,25,HSSA
Laura Jansma,3.42,3.8,60,34%,2.9,3-4,2-3,1821,2161,331,41,42,HSSA
Laura Kalman,3.38,4.5,107,86%,2.8,4-5,2-3,3411,3128,445,27,134,HSSA
Laura Robinson,3.42,4.8,13,N/A,1.7,4-5,1-2,195,77,39,12,20,HSSA
Laura Romo,3.78,1.7,7,0%,3.3,1-2,3-4,1020,297,93,15,13,HSSA
Laura Tanner,3.17,2,7,15%,2.9,2-3,2-3,179,105,41,7,26,HSSA
Laurel Beckman,3.38,3.5,14,100%,3.9,3-4,3-4,332,312,100,21,25,HSSA
Laurence Rickels,3.25,2.5,61,100%,2.4,2-3,2-3,52,70,1,0,5,HSSA
Laurie Freeman,3.52,2.3,36,35%,2.8,2-3,2-3,1380,930,143,26,26,HSSA
Laurie Monahan,3.39,3.1,88,34%,3.3,3-4,3-4,1161,1714,484,43,77,HSSA
Laury Oaks,3.56,4.4,40,100%,3,4-5,3-4,915,741,169,17,41,HSSA
Leah Fernandez,3.08,2.2,20,25%,3.9,2-3,3-4,253,277,104,21,23,HSSA
Leah Stokes,3.35,4.5,13,85%,3.5,4-5,3-4,370,448,123,24,36,HSSA
Leda Cosmides,3.4,3.5,38,20%,2.9,3-4,2-3,1183,1222,527,107,35,HSSA
Lee Rothfarb,3.5,2.9,14,50%,3.7,2-3,3-4,191,125,34,9,7,HSSA
Leigh Elion,3.64,4.6,9,89%,2.2,4-5,2-3,289,74,3,0,3,HSSA
Leila Rupp,3.57,4.1,26,N/A,2.5,4-5,2-3,757,729,158,15,40,HSSA
Leroy Laverman,3.1,4.1,54,100%,3.2,4-5,3-4,1436,1675,844,244,120,Science
Leslie Hammer,3.34,4.4,38,84%,3,4-5,3-4,917,1015,76,6,35,HSSA
Leslie Wilson,2.96,3.5,12,N/A,2.2,3-4,2-3,643,868,1514,315,240,Science
Li-C Wang,3.64,4.3,8,100%,1.8,4-5,1-2,936,417,42,6,10,Engineering
Libe Washburn,3.23,4.3,14,100%,3.2,4-5,3-4,154,394,89,16,16,Science
Liberty Stanavage,3.18,4.6,7,N/A,2.1,4-5,2-3,9,19,3,0,0,HSSA
Lihui Chai,2.79,2.2,25,19%,3.9,2-3,3-4,410,464,287,125,75,Math/Stats
Lily Anne Yumi Welty,3,3.3,12,34%,4.2,3-4,4-5,340,279,87,12,43,HSSA
Lina Kim,3.6,2.3,15,30%,3.1,2-3,3-4,1595,164,69,21,10,Science
Linda Juang,3.28,3.1,14,N/A,2.9,3-4,2-3,841,874,408,121,80,HSSA
Linda Krop,3.53,4.6,10,100%,2.4,4-5,2-3,815,326,70,10,8,Science
Linda Petzold,3.66,2,12,15%,3.4,2-3,3-4,1180,365,155,51,76,Engineering
Linda Putnam,3.33,3.9,7,100%,3.3,3-4,3-4,121,191,94,16,6,HSSA
Lingqi Yan,3.64,2.7,10,40%,3.9,2-3,3-4,300,204,18,2,4,Engineering
Lint Barrage,3.24,2.1,76,29%,4.5,2-3,4-5,421,352,292,42,33,Economics/Business
Lior Sepunaru,3.45,4.4,62,84%,4,4-5,4-5,334,302,127,37,36,Science
Lisa Avery,3.23,3.3,21,N/A,3.4,3-4,3-4,147,151,32,4,5,HSSA
Lisa Berry,3.18,4,14,N/A,2.7,4-5,2-3,98,87,32,18,11,Science
Lisa Gray,2.79,3.8,8,58%,3.4,3-4,3-4,209,434,231,24,33,Economics/Business
Lisa Jacobson,3.31,4.2,44,93%,3.1,4-5,3-4,901,1270,259,14,52,HSSA
Lisa Maass,2.9,4.5,61,90%,2.3,4-5,2-3,1425,1787,909,220,151,Economics/Business
Lisa McAllister,2.98,2.5,12,N/A,3.9,2-3,3-4,140,183,70,11,19,HSSA
Lisa Park,3.5,4.1,9,56%,2.7,4-5,2-3,963,433,135,25,40,HSSA
Lisa Parks,3.42,4.6,20,100%,3.1,4-5,3-4,315,555,277,9,22,HSSA
Ljiljana Coklin,3.45,3.8,39,86%,3,3-4,3-4,1490,1076,98,3,47,HSSA
Llad Phillips,3.27,3.4,12,N/A,2.6,3-4,2-3,272,304,111,12,11,Economics/Business
Loai Salem,3.56,3.8,10,70%,2.9,3-4,2-3,1186,198,96,26,26,Engineering
Lorelei Moosbrugger,3.24,4.3,42,70%,3.3,4-5,3-4,580,917,226,10,27,HSSA
Lori Pye,3.78,4,9,100%,1.8,4-5,1-2,918,123,17,3,10,Science
Lorraine Lisiecki,3.63,3.9,17,89%,2.4,3-4,2-3,1326,705,244,47,37,Science
Lorraine McDonnell,3.29,4.5,12,N/A,3.3,4-5,3-4,271,579,126,11,31,HSSA
Louis Caron,3.27,4.5,12,91%,3.5,4-5,3-4,184,179,37,6,20,HSSA
Luc Jaeger,3.3,2.8,10,50%,2.8,2-3,2-3,240,206,149,46,10,Science
Luis Hernandez,3.24,4.8,7,N/A,1.9,4-5,1-2,108,89,25,2,3,HSSA
Luke Janes,3.78,4.3,6,84%,1.3,4-5,1-2,385,37,6,1,8,HSSA
Luke Roberts,3.29,4.1,63,80%,2.4,4-5,2-3,2049,1408,405,57,131,HSSA
Luke Theogarajan,3.01,4.1,49,86%,2.7,4-5,2-3,695,627,575,68,28,Engineering
Lynn Gamble,3.74,3.8,7,N/A,3.1,3-4,3-4,714,600,369,95,73,HSSA
Mack Galloway,2.27,2.3,43,N/A,3.2,2-3,3-4,83,45,40,18,48,Math/Stats
Madeline Sorapure,3.69,4.6,11,100%,2.4,4-5,2-3,812,219,19,3,4,HSSA
Magda Campo,3.24,4.4,30,100%,2.9,4-5,2-3,936,643,213,77,48,HSSA
Mahdi Abu-Omar,3.73,4.7,17,95%,2.6,4-5,2-3,737,328,62,3,7,Science
Mahnoosh Alizadeh,3.55,4.1,7,58%,2.1,4-5,2-3,1358,385,213,42,18,Engineering
Manny Kundu,2.75,3,24,25%,2.9,3-4,2-3,312,745,495,70,38,HSSA
Manuel Covo,3.46,3.6,13,62%,3,3-4,3-4,719,455,69,14,50,HSSA
Marc Becker,2.9,2.9,42,53%,3.7,2-3,3-4,380,330,176,35,39,HSSA
Marek Kapicka,3.35,2.5,31,N/A,3.7,2-3,3-4,355,438,177,62,14,Economics/Business
Marguerite Nash,2.95,3.2,53,N/A,3.2,3-4,3-4,607,1277,362,31,61,HSSA
Maria Crickette,3.23,4.7,25,94%,2.4,4-5,2-3,1018,589,220,42,51,HSSA
Marianne Mithun,3.76,3.9,12,100%,2.4,3-4,2-3,777,195,97,51,31,HSSA
Marie Webb,3.43,2.3,25,16%,4.5,2-3,4-5,345,215,26,0,10,HSSA
Mario Galicia,3.41,3.5,16,57%,2.2,3-4,2-3,867,290,91,19,40,HSSA
Mario Garcia,3.41,3.8,82,79%,2.3,3-4,2-3,2603,1863,346,50,53,HSSA
Marion Labatut,3.35,5,22,100%,2.6,4-5,2-3,842,521,121,18,27,HSSA
Marjorie Kruvand,3.47,2.1,21,34%,3.5,2-3,3-4,378,172,31,9,12,HSSA
Mark Maslan,3.41,3.4,51,58%,3.2,3-4,3-4,1160,1051,264,43,99,HSSA
Mark Meadow,3.55,3.9,34,72%,2.9,3-4,2-3,1353,844,248,15,83,HSSA
Mark Rodwell,3.18,2.6,25,25%,3.5,2-3,3-4,559,522,398,74,49,Engineering
Mark Rose,3.17,4.5,40,100%,2.3,4-5,2-3,757,1082,228,29,42,HSSA
Mark Sherwin,3.32,2,14,15%,3.9,2-3,3-4,298,221,137,23,33,Science
Mark Shishim,3.73,4.7,11,75%,2.8,4-5,2-3,3368,907,79,1,30,HSSA
Martha Webber,3.37,4.8,11,100%,2.5,4-5,2-3,825,347,79,16,76,HSSA
Martin Moskovits,3.61,2.9,15,43%,2.7,2-3,2-3,639,359,222,32,28,Science
Martin Scharlemann,2.83,2.9,85,100%,3.9,2-3,3-4,380,449,250,111,67,Math/Stats
Martin Stokes,3.88,3.7,13,N/A,1.5,3-4,1-2,785,173,26,6,7,HSSA
Mary Bucholtz,3.82,4.6,23,100%,1.8,4-5,1-2,1910,477,140,34,51,HSSA
Mary Furner,3.03,3.1,32,N/A,3.3,3-4,3-4,225,227,166,35,43,HSSA
Mary Hancock,3.27,2.9,8,0%,3.5,2-3,3-4,170,117,82,14,16,HSSA
Mary Hegarty,3.52,3,38,54%,3.1,3-4,3-4,882,761,301,72,39,HSSA
Mary O'Connor,2.69,2.8,6,N/A,1.8,2-3,1-2,9,23,13,1,3,HSSA
Maryam Majedi,3.24,1.8,50,26%,4.4,1-2,4-5,253,176,80,25,21,Engineering
Maryann Hohn,2.55,4.2,13,77%,3.2,4-5,3-4,401,399,297,163,141,Math/Stats
Mashey Bernstein,3.21,3.8,58,50%,3.9,3-4,3-4,360,663,97,15,16,HSSA
Matt Gordon,3.62,4.4,23,67%,1.9,4-5,1-2,1777,935,183,22,40,HSSA
Matt Jackson,3.52,4.4,62,85%,2.1,4-5,2-3,1613,889,339,42,45,Science
Matt Porter,3.49,4.4,277,87%,2.5,4-5,2-3,4975,1361,356,129,165,Math/Stats
Matt Rioux,3.16,4.5,32,82%,3,4-5,3-4,820,774,317,96,83,Science
Matt Sprankle,3.56,3,6,N/A,2.8,3-4,2-3,280,131,19,1,12,Engineering
Matt Whittle,3,4.7,32,95%,2.1,4-5,2-3,912,1325,507,121,88,HSSA
Matthea Cremers,3.48,3,63,67%,2.4,3-4,2-3,834,407,97,22,34,HSSA
Matthew Buoni,3.14,4.5,38,100%,2.7,4-5,2-3,978,640,252,64,90,Engineering
Matthew Curtis,2.79,4.4,13,N/A,3.5,4-5,3-4,16,24,6,8,1,HSSA
Matthew Hanser,2.89,4,36,50%,3.2,4-5,3-4,422,1102,546,51,80,HSSA
Matthew Helgeson,3.35,4.1,18,50%,3.6,4-5,3-4,633,499,158,47,36,HSSA
Matthew Roy,3.46,4.3,6,100%,1.2,4-5,1-2,1100,350,76,14,31,HSSA
Matthew Turk,3.7,3.6,13,N/A,3.2,3-4,3-4,450,230,113,28,7,Engineering
Matthew Whittle,3,4.5,16,90%,2.6,4-5,2-3,912,1325,507,121,88,HSSA
Matthieu Louis,3.7,3.3,11,28%,4.5,3-4,4-5,637,313,91,9,3,Science
Maud Maillard,3.54,4.8,13,100%,2.1,4-5,2-3,429,155,35,8,7,HSSA
Maurizia Boscagli,3.65,3.4,58,58%,3.2,3-4,3-4,2089,1041,218,21,80,HSSA
Mavel Marina,3.75,1.6,7,0%,2.4,1-2,2-3,228,34,14,1,2,HSSA
Mayfair Yang,3.26,3,26,86%,2.9,3-4,2-3,958,865,282,32,49,HSSA
Meagan Carter,2.59,2.3,6,34%,3.3,2-3,3-4,22,61,33,7,9,HSSA
Megan Fernandes,3.07,4.4,14,N/A,2.2,4-5,2-3,21,42,3,2,3,HSSA
Melinda Baham,3.41,3.8,16,69%,2.6,3-4,2-3,560,396,100,8,16,HSSA
Melissa Curtin,3.08,3.2,15,100%,3.5,3-4,3-4,626,1048,467,63,41,HSSA
Melissa Scruggs,3.26,3.7,7,43%,2.7,3-4,2-3,353,134,26,11,24,Science
Melody Jue,3.77,4.4,14,86%,3,4-5,3-4,974,210,42,2,29,HSSA
Melody Molander,3.47,4.4,8,75%,3,4-5,3-4,121,32,15,2,5,Math/Stats
Melvyn Manalis,2.83,3.7,29,N/A,2.9,3-4,2-3,736,1439,907,91,58,Science
Mengyang Michael Gu,3.48,3.6,7,29%,3.4,3-4,3-4,303,143,36,5,34,Math/Stats
Mengye Liu,2.86,2,8,13%,4.3,2-3,4-5,53,65,48,1,10,Math/Stats
Mercy Anyika,2.59,3.2,68,59%,4,3-4,4-5,822,1109,888,367,221,Science
Mhoze Chikowero,3.34,3.2,27,48%,2.9,3-4,2-3,757,600,112,21,61,HSSA
Mia White,3.26,3.4,12,N/A,3,3-4,3-4,158,154,16,2,9,HSSA
Micaela Diaz Sanchez,2.96,2.9,20,40%,2.5,2-3,2-3,27,27,3,3,6,Science
Michael Berry,3.51,4.4,19,N/A,2.2,4-5,2-3,444,287,96,14,23,HSSA
Michael Goard,3.51,4.3,19,85%,3.7,4-5,3-4,630,572,138,19,7,Science
Michael Gordon,3.62,4.6,25,100%,3.3,4-5,3-4,1777,935,183,22,40,HSSA
Michael Gurven,3.35,3.3,23,58%,3.9,3-4,3-4,372,316,181,70,52,HSSA
Michael Jochim,3.3,4.3,23,100%,2.8,4-5,2-3,234,284,163,45,26,HSSA
Michael Ludkovski,3.37,3.3,16,56%,4,3-4,4-5,473,470,362,56,89,Math/Stats
Michael Miller,3.62,3.8,43,N/A,3.2,3-4,3-4,804,839,726,167,64,HSSA
Michael Mrazek,3.24,4.5,15,N/A,1.8,4-5,1-2,245,189,74,18,8,HSSA
Michael Nava,2.86,2.3,70,30%,3.2,2-3,3-4,1394,1477,1040,272,206,Math/Stats
Michael O'Connell,3.15,3.5,24,N/A,3,3-4,3-4,53,93,58,9,8,HSSA
Michael Petracca,3.83,4.8,17,N/A,1.8,4-5,1-2,210,9,3,2,2,HSSA
Michael Rescorla,2.68,3.5,59,N/A,3.3,3-4,3-4,107,322,307,32,38,HSSA
Michael Shahandeh,3.09,3.2,12,50%,4,3-4,4-5,143,247,131,13,9,Science
Michael Stohl,3.39,2.6,28,20%,3.3,2-3,3-4,687,710,89,5,37,HSSA
Michelle Brown,3.36,2.4,27,31%,4.4,2-3,4-5,696,600,197,75,56,HSSA
Miguel Eckstein,3.69,4.1,32,78%,3,4-5,3-4,1158,928,260,37,31,HSSA
Mihai Putinar,3.22,2,82,23%,4,2-3,4-5,1015,746,377,111,77,Math/Stats
Mikael Gayen,2.93,5,6,100%,3.3,4-5,3-4,68,78,35,11,11,HSSA
Mike Bowers,3.39,1.6,32,17%,4.4,1-2,4-5,887,788,668,50,28,Science
Mike Goodchild,3.54,4.5,10,N/A,2.7,4-5,2-3,213,96,39,3,2,Science
Mike Joiner,3.36,4.8,23,N/A,1.8,4-5,1-2,451,368,157,32,30,HSSA
Mike Mahan,3.16,4.3,14,40%,4,4-5,4-5,519,753,420,34,12,Science
Mike McGinnis,3.3,3.8,6,N/A,3.8,3-4,3-4,58,72,10,2,4,Science
Mike Wilton,3.12,5,55,100%,3.4,4-5,3-4,2947,2515,1569,282,182,Science
Miller Young,3.54,4.7,6,80%,1.5,4-5,1-2,25,3,0,0,3,HSSA
Minwoo Park,3.39,2.2,6,34%,4.8,2-3,4-5,94,43,29,1,2,HSSA
Miriam Metzger,2.93,3.5,65,52%,3.5,3-4,3-4,751,1027,707,306,193,HSSA
Miriam Wattles,3.65,3.2,14,67%,2.6,3-4,2-3,789,307,11,2,25,HSSA
Mitchell Kauffman,3.14,4.2,11,64%,3.1,4-5,3-4,285,236,93,19,11,HSSA
Mona Damluji,3.62,3.5,6,67%,3.5,3-4,3-4,204,78,7,1,4,HSSA
Monica Lomeli,3.31,3.4,8,0%,3.1,3-4,3-4,64,49,12,1,2,HSSA
Monica Orozco,2.58,2.5,32,N/A,3.5,2-3,3-4,38,100,63,21,7,HSSA
Morgan Davies,3.43,5,7,100%,2.3,4-5,2-3,542,176,55,13,19,HSSA
Morgan Gainer,2.97,3.4,137,63%,4.1,3-4,4-5,5495,10158,4255,531,464,Science
Morgan Raven,3.56,3.1,29,52%,3.8,3-4,3-4,832,473,137,33,43,Science
Moritz Voss,2.73,3.3,20,55%,3.8,3-4,3-4,378,213,152,92,82,Math/Stats
Muniba Saleem,3.7,4.4,17,83%,2.9,4-5,2-3,805,161,33,10,7,HSSA
Munther Alsabagh,3.06,3.2,18,78%,3.1,3-4,3-4,341,327,101,30,34,HSSA
Myriam Gonzales Smith,2.92,3.6,47,69%,2.9,3-4,2-3,14,15,11,1,1,Science
Myriam Smith,2.92,4.9,13,N/A,1.7,4-5,1-2,14,15,11,1,1,Science
Nadege Clitandre,3.31,2.2,22,32%,3.6,2-3,3-4,1066,784,285,49,68,HSSA
Nadir Dagli,3.46,4.7,7,100%,4.6,4-5,4-5,232,111,30,17,1,Engineering
Nancy Collins,3.8,4.8,35,N/A,2.3,4-5,2-3,977,407,192,37,21,HSSA
Nancy Gallagher,3.55,2.6,11,N/A,3.2,2-3,3-4,38,22,9,0,2,HSSA
Nathan Salmon,2.64,3.1,32,25%,3.4,3-4,3-4,343,271,280,122,205,HSSA
Nathan Schley,3.23,2.5,103,39%,3.3,2-3,3-4,1618,802,212,114,159,Math/Stats
Nathan Svadlenak,2.57,2.2,53,27%,4.1,2-3,4-5,571,495,256,92,180,Science
Nathaniel Craig,3.37,4.2,6,84%,4.2,4-5,4-5,291,244,176,40,31,Science
Naz Keynejad,3.67,4.4,7,86%,2.7,4-5,2-3,146,44,11,2,0,HSSA
Neeraj Misra,2.76,2.2,10,20%,4.1,2-3,4-5,52,76,24,12,7,Math/Stats
Neeru Mehra,3.18,2,37,N/A,3.8,2-3,3-4,134,222,141,15,21,Economics/Business
Neil Narang,3.48,4.8,51,98%,3,4-5,3-4,784,789,146,19,30,HSSA
Nicholas Isley,2.6,2.9,9,N/A,4.2,2-3,4-5,76,99,91,32,14,Science
Nick Schneider,3.21,3.8,31,72%,2.8,3-4,2-3,1779,1264,760,77,17,Economics/Business
Nicolas Jurkowski,3.42,4.1,23,79%,2.1,4-5,2-3,2647,759,274,92,141,HSSA
Nicolasa Sandoval,3.92,4.7,13,67%,1.1,4-5,1-2,1302,41,5,5,9,HSSA
Nicole Albada,3.45,4.7,48,94%,3,4-5,3-4,2157,1063,241,44,47,HSSA
Nicole Filler,3.06,3.7,6,67%,2.8,3-4,2-3,113,124,20,1,10,HSSA
Nicole Warwick,3.56,4.8,29,91%,2.1,4-5,2-3,1910,760,100,13,85,HSSA
Nicoletta Browne,3.13,3.7,12,67%,2.9,3-4,2-3,455,282,103,30,43,Science
Nikki Jones,3.39,4.3,18,N/A,2.2,4-5,2-3,171,125,39,13,4,HSSA
Nikki Truscelli,3.29,4.7,18,95%,2.4,4-5,2-3,1191,1149,150,29,48,HSSA
Nils Detering,3.35,2.8,17,48%,3.8,2-3,3-4,390,289,163,44,24,Math/Stats
Nina Miolane,3.84,4,8,88%,3.4,4-5,3-4,348,57,13,4,2,Engineering
Noah Friedkin,3.54,2.9,25,34%,2.2,2-3,2-3,724,335,108,4,55,HSSA
Noah Segal,3.28,4.3,14,82%,2.6,4-5,2-3,565,298,94,19,42,HSSA
Norah Dunbar,3.64,4,22,80%,2.7,4-5,2-3,1784,754,217,49,32,HSSA
Norbert Reich,3.44,2.4,26,25%,4.1,2-3,4-5,758,555,295,65,52,Science
Nuha Khoury,2.82,2,56,29%,3.6,2-3,3-4,465,646,271,62,120,HSSA
Olga Azarenko,2.91,2.8,22,41%,3.7,2-3,3-4,337,405,219,61,15,Science
Oliver Chadwick,3.49,3.3,12,34%,3.3,3-4,3-4,382,398,214,40,29,Science
Olivia Walling,3.09,2.2,33,0%,4.3,2-3,4-5,533,924,176,24,28,HSSA
Olivier Deschenes,3.51,4.1,38,86%,3.4,4-5,3-4,972,1013,594,101,157,Economics/Business
Omer Blaes,3.27,4.6,34,100%,3.5,4-5,3-4,632,375,172,51,39,Science
Omer Egecioglu,3.09,2.5,40,35%,3.9,2-3,3-4,527,549,335,92,33,Engineering
Orville Sandall,3.13,2.7,6,N/A,3.5,2-3,3-4,104,196,57,1,1,HSSA
Oscar Gil,3.54,2.7,6,N/A,2.2,2-3,2-3,216,119,30,7,7,HSSA
Oscar Ibarra,3.19,2.6,9,N/A,2.8,2-3,2-3,33,35,17,6,4,Engineering
Oscar Soto,3.65,5,19,100%,3,4-5,3-4,438,81,12,7,15,HSSA
Paasha Mahdavi,3.68,4.4,14,86%,3.4,4-5,3-4,377,266,92,28,6,HSSA
Padraic Bartlett,3.31,4.9,9,N/A,2.7,4-5,2-3,150,59,37,3,14,Math/Stats
Paige Digeser,2.99,3.8,68,75%,3.9,3-4,3-4,511,1312,634,80,81,HSSA
Patricia Clancy,3.55,4.7,9,100%,2.4,4-5,2-3,231,147,54,12,11,HSSA
Patricia Cohen,3.09,3.4,21,N/A,3.4,3-4,3-4,225,689,176,9,28,HSSA
Patricia Fancher,3.67,3.9,16,69%,3.2,3-4,3-4,1108,248,35,6,25,HSSA
Patricia Hall,3.58,4.2,12,N/A,1.8,4-5,1-2,70,32,3,0,1,HSSA
Patricia Morland,3.54,4.4,10,80%,2.6,4-5,2-3,114,46,5,0,3,HSSA
Patricia Taber,2.99,3.7,55,80%,3.4,3-4,3-4,201,129,129,13,25,HSSA
Patrick McHugh,3.7,4.6,29,91%,2.2,4-5,2-3,2307,614,36,4,30,HSSA
Paul Amar,3.53,3.8,40,62%,3,3-4,3-4,1472,727,140,36,86,HSSA
Paul Atzberger,3.56,2.6,54,40%,2.7,2-3,2-3,2422,881,244,29,60,Math/Stats
Paul Bambach,3.99,4.3,9,100%,1.7,4-5,1-2,1596,5,1,0,2,HSSA
Paul Kovacs,3.66,3.8,9,100%,2,3-4,2-3,347,104,15,2,0,HSSA
Paul Portuges,3.47,4.1,14,N/A,1.8,4-5,1-2,306,93,18,1,11,HSSA
Paul Sonnino,2.86,2.8,101,35%,3.4,2-3,3-4,479,437,292,72,156,HSSA
Paul Spickard,3.44,3.9,97,68%,3,3-4,3-4,2165,2513,502,37,199,HSSA
Paul Wack,3.44,4.3,26,50%,2.2,4-5,2-3,1267,958,195,12,25,Science
Paula Bruice,2.4,2.9,221,38%,3.9,2-3,3-4,2355,3800,2874,1309,944,Science
Paula Popescu,3.49,3.8,32,82%,2.9,3-4,2-3,16907,7035,784,104,235,Science
Pavel Oleinikov,2.77,3,13,N/A,3.8,3-4,3-4,221,641,240,42,39,HSSA
Pavneet Aulakh,2.9,4.8,6,N/A,3.2,4-5,3-4,14,36,11,2,2,HSSA
Pei-Te Lien,2.98,2.6,30,41%,3,2-3,3-4,784,1195,653,146,86,HSSA
Pekka Hamalainen,3.7,4.4,13,N/A,1.8,4-5,1-2,96,42,2,2,2,HSSA
Perry Shapiro,3.41,2.1,38,N/A,3.5,2-3,3-4,30,16,1,0,2,Economics/Business
Peter Aguilar,3.32,4.7,27,N/A,2.3,4-5,2-3,184,71,33,9,16,HSSA
Peter Alagona,3.72,4.6,107,93%,2.5,4-5,2-3,3959,1422,422,61,80,HSSA
Peter Bloom,3.3,2.9,25,34%,3.8,2-3,3-4,448,520,143,21,44,HSSA
Peter Boyland,3.44,1.8,17,12%,4.6,1-2,4-5,136,33,20,4,2,Engineering
Peter Cappello,3.11,2.4,13,N/A,2.9,2-3,2-3,155,121,101,38,10,Engineering
Peter Collins,2.7,3.2,19,100%,3.1,3-4,3-4,349,735,628,138,69,Science
Peter Garfield,3.24,3.8,191,77%,2.9,3-4,2-3,5061,2926,833,232,216,Math/Stats
Peter Huk,3.68,4.5,40,100%,1.6,4-5,1-2,2607,602,35,8,46,HSSA
Peter Kuhn,3.71,3.9,11,80%,2.6,3-4,2-3,942,616,178,22,8,Economics/Business
Peter Merkx,2.92,3.7,8,67%,2.9,3-4,2-3,18,42,12,3,2,Math/Stats
Peter Rupert,3.27,2.8,95,29%,3.7,2-3,3-4,1531,2500,3773,139,105,Economics/Business
Peter Sturman,3.45,3.5,35,47%,3.1,3-4,3-4,888,856,129,2,41,HSSA
Phil Murphy,3.23,3.6,7,0%,2,3-4,2-3,317,183,74,25,23,HSSA
Philip Babcock,2.59,4.1,41,N/A,3.5,4-5,3-4,498,851,1150,55,223,Economics/Business
Philip Lubin,3.58,2.5,53,25%,2.9,2-3,2-3,2274,1561,606,58,99,Science
Philip McCarty,3.69,4.3,47,100%,1.7,4-5,1-2,4601,1724,200,33,76,HSSA
Phill Conrad,3.73,4.6,70,94%,2,4-5,2-3,3188,726,193,50,36,Engineering
Pierre Petroff,3.71,1.3,6,N/A,4.5,1-2,4-5,18,8,0,0,0,Engineering
Prabhanjan Ananth,3.5,3.3,10,60%,4.2,3-4,4-5,254,144,47,11,9,Engineering
Pradeep Joshi,3.45,2,14,22%,4.1,2-3,4-5,463,247,168,30,19,Science
Pradeep Sen,3.33,3.2,16,50%,4,3-4,4-5,264,234,135,33,18,Engineering
Priyam Patel,2.88,4.5,14,72%,3.2,4-5,3-4,464,416,131,109,45,Math/Stats
Puja Pandey,3.43,4.3,16,82%,2.5,4-5,2-3,178,69,23,3,5,Math/Stats
Qiang Guang,2.94,4,13,70%,3.6,4-5,3-4,434,508,224,52,75,Math/Stats
Qing Zhang,3.63,4.8,8,100%,1.9,4-5,1-2,396,95,34,5,3,Math/Stats
Qinghua Ding,3.83,4.3,9,78%,1.8,4-5,1-2,681,147,23,7,9,Science
Quentin Gee,3.13,4.3,24,93%,2.4,4-5,2-3,1243,2078,774,81,101,Science
Quyuan Lin,3.06,4.8,17,95%,2.8,4-5,2-3,252,177,112,27,26,Math/Stats
Rachael King,3.32,2.8,12,46%,3.2,2-3,3-4,597,413,69,8,62,HSSA
Rachel Feldman,3.44,4.1,15,74%,2.8,4-5,2-3,1200,686,268,27,67,Math/Stats
Rachel Haymon,3.02,2.9,10,N/A,3.6,2-3,3-4,5,5,5,0,0,Science
Rachel Spratt,3.23,2.7,12,42%,2.3,2-3,2-3,155,114,19,2,6,Science
Raisa Feldman,3.44,2.9,29,70%,3.1,2-3,3-4,1200,686,268,27,67,Math/Stats
Ralph Archuleta,3.28,3.9,17,N/A,3.2,3-4,3-4,54,69,110,21,14,Science
Ralph Armbruster,3.33,3.5,17,60%,2.7,3-4,2-3,2702,2046,336,51,101,HSSA
Ralph Gallucci,3.66,4.1,243,75%,1.9,4-5,1-2,13863,3124,1120,125,202,HSSA
Ram Seshadri,3.73,4.1,10,80%,2.4,4-5,2-3,731,253,34,1,4,Science
Randalyn Browning,3.47,4.3,30,89%,2.8,4-5,2-3,2625,1678,186,14,76,HSSA
Randy Bergstrom,3.38,3.9,97,48%,3.1,3-4,3-4,1252,1504,344,30,91,HSSA
Randy Corpuz,3.41,4.6,39,100%,2.7,4-5,2-3,601,222,44,8,1,HSSA
Ranjit Deshmukh,3.33,3.9,16,75%,2.8,3-4,2-3,727,598,235,21,32,Science
Raul Suarez,2.44,2.7,8,100%,3.9,2-3,3-4,58,135,165,36,38,Science
Raymond Clemencon,3.26,3.6,35,64%,3.2,3-4,3-4,1454,1274,435,72,108,Economics/Business
Raziel Davison,3.44,4.8,6,84%,3,4-5,3-4,549,214,40,11,32,HSSA
Rebecca Chenoweth,3.48,4.6,19,94%,3.2,4-5,3-4,731,422,46,2,20,HSSA
Rebecca Powers,3.48,1.6,7,15%,2.9,1-2,2-3,498,167,50,13,18,HSSA
Regina Longo,3.03,3.6,7,N/A,2.9,3-4,2-3,13,57,9,2,3,HSSA
Reginald Daniel,3.25,4.1,18,75%,3.4,4-5,3-4,539,347,69,16,74,HSSA
Renan Larue,3.33,3.3,17,53%,3.3,3-4,3-4,682,482,119,18,40,HSSA
Rene Weber,3.32,3.4,47,50%,2.9,3-4,2-3,1514,1849,638,152,139,HSSA
Renee Houston,3.32,2.8,19,53%,3.3,2-3,3-4,240,266,40,3,3,HSSA
Rich Powell,3.36,4.5,36,100%,2.1,4-5,2-3,885,1032,373,31,44,HSSA
Rich Watson,2.48,3.2,99,N/A,3.9,3-4,3-4,730,1700,1642,279,358,Economics/Business
Rich Wolski,3.5,4.6,16,75%,4,4-5,4-5,617,322,170,47,31,Engineering
Richard Appelbaum,3.26,4.1,56,100%,3,4-5,3-4,683,1007,517,119,69,HSSA
Richard Church,3.05,3.2,6,N/A,3.2,3-4,3-4,100,81,83,16,21,Science
Richard Gramzow,3.66,5,8,100%,1.8,4-5,1-2,251,84,9,0,1,HSSA
Richard Hecht,3.31,3.5,102,50%,2.8,3-4,2-3,2210,2154,796,22,170,HSSA
Richard Mayer,3.5,3.7,39,58%,2.5,3-4,2-3,1868,1328,378,61,34,HSSA
Richard Rader,3.43,4.8,19,100%,1.8,4-5,1-2,507,548,182,34,29,HSSA
Richard Startz,3.47,3,19,57%,3.8,3-4,3-4,1314,1207,575,35,44,Economics/Business
Richard Widick,3.46,3.8,14,N/A,3.4,3-4,3-4,133,103,7,1,6,HSSA
Richard Wittman,3.11,3.4,49,62%,3.6,3-4,3-4,670,986,380,31,68,HSSA
Richert Wang,3.23,4.5,55,86%,3.2,4-5,3-4,1360,786,359,107,132,Engineering
Rick Benjamin,3.91,5,9,100%,1.9,4-5,1-2,755,42,8,0,2,HSSA
Rick Stoody,2.95,4.8,22,100%,2.4,4-5,2-3,469,635,245,61,38,HSSA
Rick Ye,3.1,2.1,143,27%,3.3,2-3,3-4,1431,1506,1408,70,122,Math/Stats
Risa Brainin,3.82,4.8,6,100%,2.8,4-5,2-3,1554,200,34,3,6,HSSA
Rita Raley,3.36,4.1,44,43%,3.3,4-5,3-4,725,1202,149,9,36,HSSA
Rituparna Sen,2.65,1.4,14,8%,4.7,1-2,4-5,114,141,91,34,33,Math/Stats
Rob Wallace,3.77,4.6,6,N/A,2.5,4-5,2-3,54,3,0,0,3,HSSA
Robert (Bob) Kennedy,3.06,4.1,159,84%,2.5,4-5,2-3,5266,3158,1328,421,429,HSSA
Robert Antonucci,2.74,2.9,101,37%,3.2,2-3,3-4,731,1174,756,236,252,Science
Robert Deacon,3.32,3.5,36,N/A,2.7,3-4,2-3,225,344,99,7,3,Economics/Business
Robert Geller,3.07,3.5,248,56%,3.3,3-4,3-4,14069,12413,4325,460,952,Science
Robert Heilmayr,3.67,4.9,16,100%,2.8,4-5,2-3,728,179,55,13,24,Science
Robert Krut,3.69,4.8,74,89%,2.2,4-5,2-3,2123,467,20,0,17,HSSA
Robert L. Koegel,3.81,4.3,25,100%,2.2,4-5,2-3,1227,250,40,0,4,HSSA
Robert Lewis,2.73,4.5,101,90%,3.9,4-5,3-4,3147,3875,2477,797,354,Science
Robert Lowes,2.98,4.2,8,N/A,3.5,4-5,3-4,38,56,22,0,5,Economics/Business
Robert McMeeking,3.63,3.5,8,100%,3.6,3-4,3-4,357,155,75,23,17,Engineering
Robert Samuels,3.37,3.5,21,60%,2.6,3-4,2-3,954,884,40,1,31,HSSA
Robert Sulway,2.59,2.8,19,N/A,3.5,2-3,3-4,119,309,211,50,30,Math/Stats
Robert Wilkinson,3.7,3.4,14,N/A,1.9,3-4,1-2,951,771,118,15,21,Economics/Business
Roberto Molinari,3.6,4.5,6,100%,2.8,4-5,2-3,153,219,64,28,26,Math/Stats
Roberto Strongman,3.35,3,52,59%,3.4,3-4,3-4,2060,1268,297,62,154,HSSA
Robin Matoza,3.49,4,19,87%,2.1,4-5,2-3,666,254,77,25,44,Science
Robin Nabi,2.88,3.6,52,55%,4,3-4,4-5,762,1654,979,194,54,HSSA
Rod Garratt,3.21,4.3,52,91%,2.9,4-5,2-3,926,1177,1067,63,51,Economics/Business
Rodrigo Bauler,3.94,4.8,6,N/A,1.8,4-5,1-2,71,5,0,0,0,HSSA
Roger Freedman,2.91,2.5,195,17%,4.2,2-3,4-5,3021,3068,1312,368,371,Science
Roger Nisbet,3.59,3.3,6,N/A,2.7,3-4,2-3,385,351,176,22,10,Science
Ron Keiflin,3.56,4.3,20,85%,3,4-5,3-4,672,303,60,14,12,HSSA
Ronald Egan,3.35,3.2,19,N/A,3.1,3-4,3-4,177,156,64,10,7,HSSA
Ronald Rice,3.65,4.5,21,86%,3,4-5,3-4,853,640,98,8,11,HSSA
Rosana Ceniceros,2.92,4.9,7,100%,3.3,4-5,3-4,188,268,108,20,28,HSSA
Roshni George,2.68,2.2,9,N/A,4,2-3,4-5,91,283,209,26,5,Science
Ross Melnick,3.37,4.9,10,100%,2.6,4-5,2-3,412,448,77,11,30,HSSA
Roy Smith,3.73,3.6,7,N/A,3.9,3-4,3-4,26,8,1,0,0,Engineering
Rudolph Ware,3.5,3.4,20,55%,3.1,3-4,3-4,650,277,37,5,32,HSSA
Rudy Busto,3.44,4.4,43,72%,2.2,4-5,2-3,1988,1148,376,55,109,HSSA
Rugang Ye,3.1,1.9,6,40%,2.8,1-2,2-3,1431,1506,1408,70,122,Math/Stats
Russell Revlin,3.03,3.7,203,38%,3.1,3-4,3-4,656,1445,907,164,81,HSSA
Russell Samolsky,3.49,4.2,19,67%,3,4-5,3-4,591,450,10,0,22,HSSA
Ruth Finkelstein,3.17,2,104,9%,4.4,2-3,4-5,5468,3298,3422,659,505,Science
Ryan Abrecht,3.24,5,6,N/A,2.8,4-5,2-3,165,172,49,3,14,HSSA
Ryan Boyd,3.16,4.8,11,N/A,3.4,4-5,3-4,196,264,46,5,12,HSSA
Ryan Minor,3.7,5,6,100%,2.3,4-5,2-3,187,45,4,1,1,HSSA
Ryan Oprea,3.23,4.3,48,91%,3.5,4-5,3-4,1324,1591,1901,194,75,Economics/Business
Ryan Ottman,2.29,3.5,29,N/A,3.3,3-4,3-4,125,144,111,62,86,Math/Stats
Saad Mouti,2.68,2.4,70,39%,4.4,2-3,4-5,353,384,252,71,98,Math/Stats
Sabina Thomas,2.84,4.1,40,100%,2.4,4-5,2-3,671,1063,734,109,86,Science
Sabine Fruhstuck,3.32,3.6,23,45%,2.8,3-4,2-3,1848,1262,414,113,109,HSSA
Sabrina Curran,3.04,4,20,50%,3.5,4-5,3-4,153,233,164,62,63,HSSA
Sahaj Parikh,3.87,5,6,100%,2.7,4-5,2-3,63,3,0,0,0,HSSA
Salim Yaqub,3.5,4.6,61,95%,2.8,4-5,2-3,2205,2401,370,22,91,HSSA
Sally Holbrook,3.58,2.8,8,34%,4,2-3,4-5,768,666,415,58,38,Science
Sam Sweet,3.3,4.3,31,100%,3.5,4-5,3-4,652,732,520,48,37,Science
Sam Zahn,2.96,4.6,11,91%,2.6,4-5,2-3,194,285,79,5,25,HSSA
Samanta de Frutos Garcia,3.87,5,6,100%,2.7,4-5,2-3,261,19,11,2,1,HSSA
Samantha Daly,3.26,3.7,12,75%,3.6,3-4,3-4,284,298,111,35,8,HSSA
Samantha Scudder,3.58,4.6,43,91%,2.8,4-5,2-3,1476,614,183,39,32,HSSA
Sameer Pandya,3.37,3,6,50%,3.8,3-4,3-4,3773,3378,730,64,176,HSSA
Samir Mitragotri,3.34,4.1,10,100%,2.7,4-5,2-3,319,391,92,1,20,HSSA
Samira Pakravan,3.4,3.3,6,67%,3,3-4,3-4,43,18,10,0,1,Engineering
Sandra Thompson,3.8,4.2,7,N/A,3.1,4-5,3-4,54,23,3,0,1,HSSA
Sang-Yun Oh,3.41,2.3,26,43%,3.9,2-3,3-4,278,268,79,11,24,Science
Sanjay Kumar,3.48,4.7,33,94%,2.4,4-5,2-3,763,338,102,16,18,Math/Stats
Sara Lindheim,3.55,4.1,30,34%,2.9,4-5,2-3,501,225,69,9,33,HSSA
Sara Pankenier Weld,3.56,4.6,14,100%,1.9,4-5,1-2,816,572,51,4,35,HSSA
Sara Wheeler,3.59,4.4,14,N/A,2.3,4-5,2-3,358,126,28,3,5,HSSA
Sarah Boggs,3.47,4,27,N/A,1.9,4-5,1-2,281,97,16,3,8,Engineering
Sarah Case,2.81,3.5,39,75%,3.1,3-4,3-4,260,874,349,29,58,HSSA
Sarah Cline,3.24,3.7,21,N/A,3.1,3-4,3-4,317,468,122,6,24,HSSA
Sarah Harris,3.48,4.2,6,84%,2.7,4-5,2-3,261,187,75,31,10,Science
Sarah Hirsch,3.71,4.9,23,100%,2.2,4-5,2-3,1763,347,26,1,29,HSSA
Sarah McClure,3.39,4.8,21,91%,2.5,4-5,2-3,971,319,129,29,51,HSSA
Sarah Medley,2.87,3.5,7,N/A,2.6,3-4,2-3,86,76,18,5,3,Science
Sarah Roberts,3.53,4.8,18,100%,2.7,4-5,2-3,2133,962,219,45,68,HSSA
Sarah Thompson,3.8,3.2,23,N/A,3,3-4,3-4,54,23,3,0,1,HSSA
Sarah Watkins,3.22,4.4,8,N/A,2.5,4-5,2-3,224,160,30,5,19,HSSA
Sathya Guruswamy,3.19,2.9,45,74%,3.6,2-3,3-4,2506,1974,807,219,150,Science
Satyajit Singh,3.19,4,23,74%,3.2,4-5,3-4,10,19,4,0,0,Science
Scott Dirkse,3.57,5,15,N/A,1.7,4-5,1-2,636,222,70,17,18,HSSA
Scott Englund,3.03,3.8,6,N/A,2.3,3-4,2-3,301,544,120,19,22,HSSA
Scott Fulkerson,3.01,4.3,62,83%,4,4-5,4-5,1351,1995,826,99,151,Economics/Business
Scott Grafton,3.61,4.3,6,67%,3.5,4-5,3-4,382,225,142,39,14,HSSA
Scott Hodges,3.46,3.7,33,69%,3.1,3-4,3-4,3049,4042,2651,645,208,Science
Scott Marcus,3.67,3.4,46,80%,1.7,3-4,1-2,1331,415,104,19,106,HSSA
Scott Price,2.56,4.6,364,93%,3.4,4-5,3-4,4897,7852,7360,2119,1254,Science
Scott Reid,3.39,3.6,53,53%,3.6,3-4,3-4,959,1175,328,4,44,HSSA
Sebastian Streichan,3.59,4.4,8,100%,3,4-5,3-4,526,238,89,17,14,Science
Seng Low,2.67,2.5,219,23%,4.3,2-3,4-5,3868,6932,7758,1398,1216,Science
Sergey Salushchev,3.76,4.6,8,100%,3,4-5,3-4,83,13,5,0,0,HSSA
Seth Borgo,3.08,4.3,15,N/A,2.9,4-5,2-3,346,428,291,47,21,Economics/Business
Sevgi Yuksel,3.33,2.4,20,48%,4,2-3,4-5,771,1009,404,23,47,Economics/Business
Shae Miller,3.1,2.3,10,0%,3.1,2-3,3-4,100,112,32,5,12,HSSA
Shahab Karimi,2.72,4.1,44,N/A,2.6,4-5,2-3,160,120,63,33,39,Math/Stats
Shane Nourizadeh,3.51,5,11,100%,2.6,4-5,2-3,405,178,88,5,4,Science
Shankar Aswani,2.92,2.9,12,N/A,3.8,2-3,3-4,84,92,50,21,13,HSSA
Shanna Salinas,3.38,4.8,14,N/A,2.6,4-5,2-3,29,18,1,0,2,HSSA
Shannon Meyer,3.04,2,9,N/A,3.9,2-3,3-4,37,60,14,0,6,HSSA
Sharad Shankar,3.67,5,7,100%,3,4-5,3-4,15,1,0,0,1,Engineering
Sharon Farmer,3.39,2.5,32,N/A,3.3,2-3,3-4,210,303,80,0,17,HSSA
Sharon Solis,3.36,3,23,53%,3.4,3-4,3-4,977,327,129,49,81,Engineering
Shaya Shakerian,3.28,4.7,30,94%,2.6,4-5,2-3,823,387,160,47,48,Math/Stats
Shelley LaMon,3.5,3.5,9,100%,2.2,3-4,2-3,321,237,78,10,16,HSSA
Shelly Gable,3.61,4.4,72,81%,2.6,4-5,2-3,2777,2378,823,160,81,HSSA
Sherene Seikaly,3.7,4.4,28,91%,3.6,4-5,3-4,1043,292,58,9,37,HSSA
Shinder Thandi,3.29,3.4,11,55%,2.5,3-4,2-3,955,1136,234,38,38,HSSA
Shirley Lim,3.54,3.8,27,0%,2.7,3-4,2-3,342,219,33,3,11,HSSA
Shoo Seto,2.77,3,28,75%,3.6,3-4,3-4,440,415,211,111,108,Math/Stats
Shu-Chuan (Bella) Chen,3.53,4.6,29,100%,2.3,4-5,2-3,1928,586,149,34,70,HSSA
Sian Fryer,2.83,4.4,19,95%,2.8,4-5,2-3,419,342,221,117,26,Math/Stats
Siddharth Dey,3.31,2.8,6,50%,3.5,2-3,3-4,355,268,146,23,8,HSSA
Silke Werth,3.44,4.6,16,93%,2.3,4-5,2-3,960,261,75,13,26,HSSA
Silvia Bermudez,3.73,3.9,35,50%,2.9,3-4,2-3,1440,376,73,10,27,HSSA
Simon Williams,3.53,4.1,14,N/A,3,4-5,3-4,708,636,124,14,46,HSSA
Simone Pulver,3.52,4.2,16,100%,3.1,4-5,3-4,1323,750,138,7,41,Science
Simonetta Falasca,3.59,3.7,27,58%,2.9,3-4,2-3,1144,615,118,16,27,HSSA
Skirmantas Janusonis,3.57,4,56,69%,3,4-5,3-4,2498,1428,566,137,127,HSSA
Smaranda Lawrie,3.52,5,10,100%,3.2,4-5,3-4,136,74,16,1,1,HSSA
Somayeh Dodge,3.66,3.9,8,63%,3.1,3-4,3-4,521,81,13,8,16,Science
Sookyung Joo,3.02,3.1,29,N/A,2.9,3-4,2-3,118,110,80,17,11,Math/Stats
Sowon Park,3.49,4.2,13,77%,3.8,4-5,3-4,572,213,70,24,22,HSSA
Sreenivas Konda,3.22,4.5,13,N/A,1.9,4-5,1-2,354,353,138,33,25,Math/Stats
Stan Anderson,3.78,3.5,39,N/A,3,3-4,3-4,1584,917,536,287,133,Science
Stan Rauh,3.3,2.2,18,N/A,3.7,2-3,3-4,27,20,2,2,2,HSSA
Stanley Awramik,2.93,3.7,50,48%,3.6,3-4,3-4,466,1181,830,78,118,Science
Stanley Klein,2.99,4.3,204,82%,2.6,4-5,2-3,2725,4208,1940,477,178,HSSA
Stanley Parsons,3.21,2.7,15,N/A,2.6,2-3,2-3,255,304,160,26,11,Science
Stefan Gries,3.56,2.9,17,40%,3.9,2-3,3-4,367,117,48,16,35,HSSA
Stefania Tutino,2.91,4.5,43,N/A,3.2,4-5,3-4,309,715,250,13,59,HSSA
Stefanie Tcharos,3.48,4.6,8,100%,3.1,4-5,3-4,495,310,117,43,14,HSSA
Stefano Tessaro,3.47,5,7,100%,2.6,4-5,2-3,263,299,68,10,5,Engineering
Stephan Miescher,3.4,3.3,20,70%,3,3-4,3-4,563,492,110,17,46,HSSA
Stephan Paul,3.11,4.6,29,100%,3.2,4-5,3-4,702,657,275,84,104,Math/Stats
Stephane Guerrier,2.82,3,14,N/A,2.5,3-4,2-3,308,305,164,40,36,Math/Stats
Stephanie Batiste,3.19,2.7,48,32%,3.8,2-3,3-4,389,426,179,42,48,HSSA
Stephanie Lemenager,3.55,4.7,29,N/A,2.6,4-5,2-3,434,300,25,5,18,HSSA
Stephanie Malia Hom,3.56,4.8,13,93%,1.8,4-5,1-2,529,155,33,6,21,HSSA
Stephanie Washburn,3.15,4.8,6,100%,3.8,4-5,3-4,138,206,29,2,18,HSSA
Stephen Bigelow,3.3,3.4,122,86%,2.5,3-4,2-3,2232,1092,583,191,79,Math/Stats
Stephen Leroy,4,2.9,14,100%,3.2,2-3,3-4,8,0,0,0,0,Economics/Business
Stephen Poole,3.2,3.7,19,67%,3.5,3-4,3-4,1099,1391,1014,186,115,Science
Stephen Zylstra,3.11,4.2,26,76%,2.9,4-5,2-3,759,1068,296,36,46,HSSA
Steve Allaback,3.53,4.3,16,N/A,1.6,4-5,1-2,77,30,5,1,2,HSSA
Steve Buratto,3.46,4.1,69,89%,3.2,4-5,3-4,1160,1280,791,31,35,Science
Steve Denbaars,3.84,3.8,15,100%,3.3,3-4,3-4,254,37,5,1,0,Science
Steve Giddings,3.35,3.5,12,100%,3.7,3-4,3-4,235,169,102,18,38,Science
Steve Laguette,3.69,2.7,12,0%,2.3,2-3,2-3,1190,453,51,4,2,Engineering
Steve Pokornowski,3.29,3.9,8,100%,3.1,3-4,3-4,95,111,10,1,4,HSSA
Steve Wiener,2.8,2.9,7,100%,3.7,2-3,3-4,128,355,118,10,38,HSSA
Steven Canet,3.31,4.8,9,100%,2,4-5,2-3,427,277,63,10,29,HSSA
Steven Gaulin,3.01,3.6,314,59%,3.4,3-4,3-4,2794,3943,2783,1161,968,HSSA
Steven Humphrey,2.64,3.8,8,50%,3.8,3-4,3-4,88,224,146,13,34,HSSA
Steven Osuna,3.5,5,8,100%,1.9,4-5,1-2,111,38,8,1,3,HSSA
Stuart Feinstein,3.23,4.4,60,96%,3.1,4-5,3-4,3536,4308,5173,1004,764,Science
Stuart Smith,3.59,2.7,107,54%,3.1,2-3,3-4,2926,1531,544,161,293,HSSA
Stuart Sweeney,3.44,3.1,50,80%,2.4,3-4,2-3,1126,1619,684,20,81,Science
Subhash Suri,3.46,4.6,26,89%,2.7,4-5,2-3,930,610,176,52,17,Engineering
Sudeep Bapat,3.45,4.4,18,89%,3,4-5,3-4,891,493,139,29,34,Math/Stats
Sui Tang,3.56,3.5,8,63%,3,3-4,3-4,363,149,33,7,14,Math/Stats
Suk-Young Kim,3.84,3.9,7,N/A,2.7,3-4,2-3,314,66,17,2,1,Science
Sumita Pennathur,3.47,4.1,9,N/A,3.6,4-5,3-4,365,337,86,13,4,Engineering
Summer Gray,3.67,4.9,19,100%,2.2,4-5,2-3,1216,368,69,17,24,HSSA
Summer Star,3.58,4.3,8,N/A,3.5,4-5,3-4,232,95,5,0,3,HSSA
Sunae Lee,3.03,4.9,14,100%,2,4-5,2-3,30,19,10,4,1,Science
Sunny Jung,3.93,4.5,17,N/A,1.3,4-5,1-2,24,2,0,0,0,HSSA
Sunpeng Duan,2.66,2.5,6,50%,2.7,2-3,2-3,72,85,71,10,26,Math/Stats
Susan Cassels,3.14,3.4,10,58%,2.8,3-4,2-3,429,524,324,131,71,Science
Susan Ceriale,3.39,3.7,17,N/A,2.1,3-4,2-3,328,153,54,5,9,HSSA
Susan Derwin,3.73,3.1,39,50%,3.1,3-4,3-4,772,386,75,6,26,HSSA
Susan Grover,3.53,3.8,32,66%,3.3,3-4,3-4,1695,889,174,11,30,Economics/Business
Susan Kuzminsky,2.98,4.6,7,80%,3.7,4-5,3-4,4,5,0,0,1,HSSA
Susan Mazer,3.66,3.6,19,72%,3.2,3-4,3-4,1630,1077,611,139,60,Science
Susan Naughton,3.67,4.7,8,100%,2,4-5,2-3,371,93,11,0,3,HSSA
Susan Stonich,3.22,1.8,13,N/A,3.6,1-2,3-4,183,239,53,9,14,HSSA
Susannah Porter,3.3,4.4,49,84%,2.4,4-5,2-3,920,1399,743,194,117,Science
Susannah Scott,3.56,4.7,14,N/A,2.6,4-5,2-3,539,358,97,23,12,Science
Suzanne Stemmer,3.45,1.9,10,0%,3.5,1-2,3-4,198,152,43,7,13,Science
Sveinn Olafsson,2.83,3.9,19,91%,3.3,3-4,3-4,263,280,229,79,92,Math/Stats
Sven Spieker,3.22,3,20,50%,3.6,3-4,3-4,401,283,93,28,43,HSSA
Swati Rana,3.5,3.2,13,46%,3.1,3-4,3-4,1004,765,98,7,39,HSSA
Sylvester Ogbechie,3.39,2.6,40,36%,3,2-3,3-4,994,672,171,41,66,HSSA
TM Handscomb,3.18,1.6,7,N/A,3.6,1-2,3-4,41,37,12,1,3,HSSA
Tae-Yeoun Keum,3.31,4.3,6,84%,3,4-5,3-4,185,272,50,6,9,HSSA
Tagart Sobotka,3.21,4.4,7,86%,1.9,4-5,1-2,235,172,43,13,18,HSSA
Talya Meyers,3.06,3.8,8,63%,3,3-4,3-4,258,219,92,16,17,HSSA
Tammy Afifi,3.58,4.5,35,79%,2.9,4-5,2-3,1817,1246,205,10,21,HSSA
Tania Israel,3.74,3.5,8,50%,2,3-4,2-3,1765,519,108,25,26,HSSA
Tao Chen,2.79,4,15,80%,3.7,4-5,3-4,439,426,321,147,102,Math/Stats
Tao Yang,3.6,3,17,67%,3.4,3-4,3-4,826,551,120,19,9,Engineering
Tara Tober,3.4,4.6,91,93%,2.2,4-5,2-3,3670,1798,368,69,130,HSSA
Tara Yosso,3.21,2,25,N/A,3,2-3,3-4,678,780,246,40,57,HSSA
Tau-Mu Yi,3,3.1,8,100%,3.1,3-4,3-4,161,245,106,20,4,Science
Ted Bennett,3.21,3.1,24,34%,4.7,3-4,4-5,633,469,460,160,49,Engineering
Ted Bergstrom,3.25,2,59,0%,3.6,2-3,3-4,393,346,202,57,64,Economics/Business
Teofilo Gonzalez,3.08,2.2,25,N/A,4.4,2-3,4-5,276,246,162,37,20,Engineering
Terence Keel,3.3,4.1,14,77%,3.2,4-5,3-4,250,170,83,19,16,HSSA
Teresa Figueroa,3.38,2.8,43,38%,2.4,2-3,2-3,1664,1429,303,50,61,HSSA
Teresa Robertson,2.73,3.3,31,72%,3.8,3-4,3-4,336,293,207,91,129,HSSA
Teresa Shewry,3.68,4.8,26,95%,2.2,4-5,2-3,1256,422,24,6,28,HSSA
Terrance Wooten,3.5,5,13,100%,3.4,4-5,3-4,407,235,61,13,12,HSSA
Terry Smith,2.6,4.2,11,N/A,2.4,4-5,2-3,46,84,75,30,5,Science
Tessa Montini,3.14,2.5,14,43%,2.7,2-3,2-3,578,379,211,35,46,Science
Tevfik Bultan,3.48,2.9,6,40%,3.7,2-3,3-4,669,293,151,49,29,Engineering
Theodore Shugar,2.95,4,6,N/A,3.2,4-5,3-4,142,160,102,25,3,Engineering
Therese Landry,3.42,3.3,17,53%,2.5,3-4,2-3,423,71,38,17,26,Math/Stats
Thomas Barrett,3.47,4.9,60,97%,2.2,4-5,2-3,1550,439,171,29,56,HSSA
Thomas Even,2.87,4.5,179,81%,2.8,4-5,2-3,9108,9113,7164,2302,1125,Science
Thomas Holden,3.21,4.5,46,69%,3,4-5,3-4,740,1420,478,32,76,HSSA
Thomas Hooker,2.67,1.9,188,N/A,2.7,1-2,2-3,199,689,708,0,27,Science
Thomas Howard,2.81,1.7,6,N/A,4.8,1-2,4-5,114,193,98,11,11,Math/Stats
Thomas Hughes,2.85,4.7,34,100%,3.2,4-5,3-4,357,1320,430,39,59,HSSA
Thomas Koch,2.82,2.3,40,N/A,3.8,2-3,3-4,78,164,151,1,2,Economics/Business
Thomas L. Turner,3.65,3.9,27,74%,3,3-4,3-4,1281,913,356,30,34,Science
Thomas Mazanec,3.47,4.1,10,70%,2.7,4-5,2-3,792,378,91,24,36,HSSA
Thomas Moody,3.57,4.6,7,100%,1.4,4-5,1-2,709,168,31,1,14,HSSA
Thomas Pettus,3.32,2.3,65,32%,4.4,2-3,4-5,242,170,93,24,21,Science
Thomas Tommy Sprague,3.46,4.6,61,92%,2.6,4-5,2-3,1363,749,268,55,51,HSSA
Thomas Weimbs,3.84,2.8,11,34%,3.9,2-3,3-4,1159,471,444,87,55,Science
Thuc-Quyen Nguyen,3.77,3.9,31,100%,3.1,3-4,3-4,454,293,70,12,12,Science
Tiancong Chen,2.79,3.8,26,100%,2.6,3-4,2-3,439,426,321,147,102,Math/Stats
Tim Butzer,2.86,4.4,9,N/A,2,4-5,2-3,134,473,108,3,16,HSSA
Tim Cooley,3.69,3.1,9,100%,2.8,3-4,2-3,700,254,74,19,37,HSSA
Tim Niblett,2.93,2.8,6,N/A,2.3,2-3,2-3,163,252,162,23,21,Science
Tim Speer,2.71,4.5,6,100%,1.8,4-5,1-2,141,142,93,38,39,Math/Stats
Timothy Daniels,3.04,4.5,10,N/A,3,4-5,3-4,198,311,117,13,28,HSSA
Timothy Devries,3.52,4.6,34,92%,2.2,4-5,2-3,984,444,195,43,47,Science
Timothy Gilmore,3.47,3,18,38%,2.5,3-4,2-3,1515,877,125,16,77,HSSA
Timothy Linehan,2.56,4.9,10,N/A,2.6,4-5,2-3,115,295,151,27,25,HSSA
Timothy Sherwood,3.83,4.8,21,100%,2.5,4-5,2-3,853,171,38,10,9,Engineering
Tobias Hollerer,3.82,4.6,8,100%,2.4,4-5,2-3,1257,299,62,5,16,Engineering
Tod Kippin,3.69,3.2,54,60%,3.3,3-4,3-4,1938,650,138,26,34,HSSA
Todd Oakley,3.65,3.4,22,60%,3,3-4,3-4,1586,1126,628,17,18,Science
Todd Squires,3.5,4.5,13,100%,2.9,4-5,2-3,750,497,136,13,11,HSSA
Tom Carlson,3.35,4,41,75%,4.4,4-5,4-5,482,471,188,40,67,HSSA
Tom Costigan,3.77,4.3,18,78%,1.9,4-5,1-2,552,32,4,2,12,HSSA
Tom Sideris,3.28,3,33,30%,3.6,3-4,3-4,628,607,564,109,45,Math/Stats
Tommaso Treu,3.07,3.8,18,N/A,2.8,3-4,2-3,159,168,83,20,28,Science
Tommy Dickey,3.44,4.5,50,100%,1.6,4-5,1-2,1130,785,411,16,17,Science
Tomoyuki Ichiba,3.48,3.8,15,78%,2.9,3-4,2-3,1058,705,189,9,37,Math/Stats
Travis Loux,2.85,3.9,14,N/A,3,3-4,3-4,358,385,242,76,79,Math/Stats
Trevor Hayton,3.48,2.8,20,75%,4.1,2-3,4-5,756,809,537,58,31,Science
Trevor Marks,3.45,4,25,80%,4,4-5,4-5,641,295,72,25,13,Engineering
Trevor Ruiz,3.59,3.6,11,73%,2.8,3-4,2-3,935,395,67,14,36,Math/Stats
Trinabh Gupta,3.51,1.8,6,34%,4.2,1-2,4-5,301,152,44,2,9,Engineering
Tristan Bridges,3.38,4.4,19,79%,3.9,4-5,3-4,624,480,54,8,57,HSSA
Tsuyoshi Hasegawa,2.87,3.8,60,N/A,3,3-4,3-4,480,1166,656,80,86,HSSA
Tug Goddard,2.95,1.2,11,10%,3.3,1-2,3-4,76,100,53,2,22,HSSA
Tyler Branson,3.73,4.9,9,100%,2.6,4-5,2-3,351,63,9,0,3,HSSA
Tyler Susko,3.56,2.9,12,46%,2.9,2-3,2-3,2324,1025,344,92,19,Engineering
Tymoteusz Chajdas,3.6,3.8,10,70%,2.9,3-4,2-3,324,128,61,12,10,HSSA
Ulrich Keller,3.25,3,16,100%,2.8,3-4,2-3,244,287,63,10,17,HSSA
Uma Ravat,2.97,2.2,134,30%,4,2-3,4-5,895,844,619,90,146,Math/Stats
Umesh Mishra,3.45,4.4,6,100%,4.3,4-5,4-5,459,337,60,5,10,Engineering
Valentina Padula,3.36,4.7,61,88%,2.1,4-5,2-3,1656,1243,404,64,58,HSSA
Valerie Huston,3.56,4.3,6,75%,4.2,4-5,4-5,1744,1153,19,3,25,HSSA
Vanessa Woods,3.33,3.6,102,54%,3.6,3-4,3-4,4008,2718,1036,216,240,HSSA
Vasudevan Mangalam,2.67,2.8,8,0%,3.7,2-3,3-4,220,289,232,79,61,Math/Stats
Vena Chu,3.42,5,13,93%,2.9,4-5,2-3,723,345,108,27,20,Science
Veronica Fematt,2.66,4,8,86%,2.9,4-5,2-3,41,117,57,14,13,HSSA
Vesna Wallace,3.56,3.4,28,38%,2.3,3-4,2-3,865,524,108,21,38,HSSA
Vickie Scott,3.81,3.6,6,50%,2.7,3-4,2-3,2695,225,58,15,58,HSSA
Vickie Vertiz,3.71,4.1,8,75%,2,4-5,2-3,601,92,17,2,20,HSSA
Victor Bell,3.99,5,7,N/A,1,4-5,1-2,1759,9,2,0,3,HSSA
Victor Rios,3.67,4.2,93,69%,1.9,4-5,1-2,2859,1031,188,27,34,HSSA
Viktor Grigoryan,2.74,4.1,28,N/A,2.7,4-5,2-3,141,133,80,48,29,Math/Stats
Vincent Rone,3.23,4.8,20,N/A,2.1,4-5,2-3,436,335,116,22,17,HSSA
Viola Miglio,3.68,4.2,18,100%,2.3,4-5,2-3,1309,398,76,17,27,HSSA
Vojtech Vlcek,3.3,2.3,7,43%,4,2-3,4-5,238,232,79,26,20,Science
Volkan Rodoplu,3.49,3.8,16,N/A,3.8,3-4,3-4,245,339,53,2,4,Engineering
Volker Welter,3.46,3.8,55,68%,3.1,3-4,3-4,1397,856,228,26,74,HSSA
Voula Tsouna,3.36,3.8,43,90%,3.2,3-4,3-4,787,910,168,11,57,HSSA
Wade Herndon,2.9,4.3,34,100%,2.4,4-5,2-3,724,565,312,54,66,Math/Stats
Wade Roof,3.71,3.5,28,N/A,2.2,3-4,2-3,493,298,61,7,10,HSSA
Walid Afifi,3.42,3.7,51,68%,3.1,3-4,3-4,1231,1759,443,66,59,HSSA
Warren Wood,2.99,3.3,8,N/A,2.8,3-4,2-3,17,10,5,1,3,HSSA
Wenchuan Tian,3.27,4,34,74%,3,4-5,3-4,695,344,122,56,29,Math/Stats
Wendy Meiring,3.38,2.7,38,25%,3.6,2-3,3-4,781,566,292,48,64,Math/Stats
Wendy Wiseman,3.03,2.1,19,27%,4.3,2-3,4-5,278,202,53,7,59,HSSA
Wenjian Liu,4,3,8,N/A,2.8,3-4,2-3,21,0,0,0,0,Engineering
Werner Kuhn,3.13,1.4,10,25%,4.3,1-2,4-5,327,200,124,32,34,Science
Weston McCool,2.85,3.4,8,63%,3.8,3-4,3-4,118,179,80,24,22,HSSA
William Comanor,3.58,3.8,9,100%,3.3,3-4,3-4,401,245,6,0,4,Economics/Business
William Davies King,3.31,3.1,36,29%,2.8,3-4,2-3,1046,878,177,28,89,HSSA
William Elison,3.42,4.4,13,77%,2.4,4-5,2-3,480,258,54,11,23,HSSA
William Freudenburg,3.11,4.2,88,N/A,2.5,4-5,2-3,311,364,129,16,16,Science
William Rice,3.46,3.2,44,60%,3.8,3-4,3-4,1330,2228,2603,939,455,Science
William Robinson,3.32,3.5,125,56%,3.2,3-4,3-4,3567,1677,690,137,325,HSSA
William Smith,3.46,3.1,22,34%,3.9,3-4,3-4,1016,863,625,159,107,Science
William Thompson,3.41,4.5,10,80%,2.5,4-5,2-3,512,247,64,7,29,HSSA
William Warner,3.42,2.8,17,N/A,3.4,2-3,3-4,420,519,125,7,18,HSSA
Wolf Kittler,3.48,2.7,79,33%,2.7,2-3,2-3,1705,1209,309,39,109,HSSA
Wona Lee,3.64,5,10,100%,2.3,4-5,2-3,1216,281,98,9,11,HSSA
Xianzhe Dai,2.9,2.9,108,20%,3.3,2-3,3-4,681,746,1018,213,344,Math/Stats
Xiao-Bin JI,3.14,4.1,27,100%,2.9,4-5,2-3,231,272,67,12,16,HSSA
Xiaojian Zhao,3.29,3.8,64,69%,2.5,3-4,2-3,1700,1308,568,85,103,HSSA
Xiaolei Zhao,3.29,3.8,10,70%,4.1,3-4,4-5,1700,1308,568,85,103,HSSA
Xiaorong Li,3.39,3.3,15,42%,3,3-4,3-4,1349,1189,347,64,90,HSSA
Xiaowei Zheng,3.38,4.5,45,90%,3.3,4-5,3-4,896,699,166,12,38,HSSA
Xifeng Yan,3.78,3.4,8,50%,2.4,3-4,2-3,1350,369,113,14,32,Engineering
Xin Zhou,3.44,2.5,12,42%,3.8,2-3,3-4,19,22,3,0,1,HSSA
Xiyue Liao,3.52,2.7,6,50%,3.3,2-3,3-4,165,83,21,3,8,Math/Stats
Ya Zuo,3.24,4.1,15,74%,2.3,4-5,2-3,347,137,38,9,14,HSSA
Yader Lanuza,3.59,4.1,16,69%,1.9,4-5,1-2,1165,179,47,16,44,HSSA
Yekaterina Kate Kharitonova,3.29,2.5,161,33%,3.6,2-3,3-4,2247,707,336,187,305,HSSA
Yidan Sun,3.38,2.6,17,42%,3.4,2-3,3-4,197,101,43,16,10,Math/Stats
Yitang Zhang,3.58,4,26,77%,2.4,4-5,2-3,109,75,0,1,3,Science
Young Ji Kim,3.66,4,9,67%,3.2,4-5,3-4,31,12,0,0,0,HSSA
Youssef Benzarti,3.65,4.7,31,91%,2.5,4-5,2-3,1283,771,332,47,49,Economics/Business
Yu Feng,2.99,2.5,38,43%,4.1,2-3,4-5,23,28,23,0,0,Math/Stats
Yu-Xiang Wang,3.4,2.5,15,40%,4.4,2-3,4-5,1231,591,247,84,90,Engineering
Yuan-Fang Wang,3.4,1.9,48,20%,4,1-2,4-5,1231,591,247,84,90,Engineering
Yuanqi Wang,3.4,3,8,N/A,2.9,3-4,2-3,1231,591,247,84,90,Engineering
Yuedong Wang,3.4,3.1,12,50%,2.5,3-4,2-3,1231,591,247,84,90,Engineering
Yueyuan Ma,3.3,1.9,22,28%,4.2,1-2,4-5,73,47,10,2,6,HSSA
Yugen Shu,2.3,2.1,23,N/A,3.2,2-3,3-4,51,63,36,21,36,Math/Stats
Zachary Eilon,3.12,4.6,21,81%,3.2,4-5,3-4,341,451,174,55,41,Science
Zachary King,3.49,4.8,17,100%,3.2,4-5,3-4,477,107,37,9,22,HSSA
Zachary Rentz,3.06,5,17,100%,2.8,4-5,2-3,286,263,83,20,12,HSSA
Zack Grossman,3.03,2.6,72,72%,3.6,2-3,3-4,754,1209,951,205,90,Economics/Business
Zakiya Luna,3.56,1.6,13,0%,3.7,1-2,3-4,421,296,58,7,15,HSSA
Zetian Yan,3.7,3.2,18,45%,2.2,3-4,2-3,387,58,20,2,4,Math/Stats
Zeyu Deng,3.53,1.3,19,11%,4.4,1-2,4-5,76,46,6,2,3,Engineering
Zheng Liu,3.31,3.8,11,64%,3.1,3-4,3-4,281,167,70,27,20,Math/Stats
Zheng Zhang,3.5,3.8,12,59%,3.4,3-4,3-4,449,253,109,17,37,Engineering
Zhirayr Avetisyan,2.59,2,37,22%,4.3,2-3,4-5,175,353,267,77,48,Math/Stats
Ziad Matni,3.27,4,106,79%,3,4-5,3-4,3227,2335,771,225,207,HSSA
Zoe Liberman,3.35,3.2,83,54%,3.1,3-4,3-4,1429,1350,546,162,141,HSSA
Zvonimir Dogic,3.37,2.9,49,52%,3.7,2-3,3-4,1685,1066,379,155,105,Science
jean beaman,3.16,2.5,10,50%,2.9,2-3,2-3,220,204,59,13,16,HSSA
